date,ticker,close
2016-06-30,2800.HK,16.041645
2016-07-31,2800.HK,16.899103
2016-08-31,2800.HK,17.149195
2016-09-30,2800.HK,16.506100
2016-10-31,2800.HK,16.875174
2016-11-30,2800.HK,16.214842
2016-12-31,2800.HK,17.278711
2017-01-31,2800.HK,17.645563
2017-02-28,2800.HK,17.939047
2017-03-31,2800.HK,18.195841
2017-04-30,2800.HK,19.192133
2017-05-31,2800.HK,19.376673
2017-06-30,2800.HK,20.594637
2017-07-31,2800.HK,21.222073
2017-08-31,2800.HK,20.963717
2017-09-30,2800.HK,21.000622
2017-10-31,2800.HK,22.333323
2017-11-30,2800.HK,22.788328
2017-12-31,2800.HK,25.101292
2018-01-31,2800.HK,23.584591
2018-02-28,2800.HK,23.053755
2018-03-31,2800.HK,23.546675
2018-04-30,2800.HK,23.595232
2018-05-31,2800.HK,22.451687
2018-06-30,2800.HK,22.337326
2018-07-31,2800.HK,21.841787
2018-08-31,2800.HK,21.841787
2018-09-30,2800.HK,19.097269
2018-10-31,2800.HK,21.003326
2018-11-30,2800.HK,20.492010
2018-12-31,2800.HK,22.143953
2019-01-31,2800.HK,22.733936
2019-02-28,2800.HK,23.127258
2019-03-31,2800.HK,23.481247
2019-04-30,2800.HK,21.623117
2019-05-31,2800.HK,23.006681
2019-06-30,2800.HK,22.532320
2019-07-31,2800.HK,20.951105
2019-08-31,2800.HK,21.306879
2019-09-30,2800.HK,21.385937
2019-10-31,2800.HK,21.560423
2019-11-30,2800.HK,23.228300
2019-12-31,2800.HK,21.560423
2020-01-31,2800.HK,21.519741
2020-02-29,2800.HK,19.404379
2020-03-31,2800.HK,20.136618
2020-04-30,2800.HK,18.945131
2020-05-31,2800.HK,20.333355
2020-06-30,2800.HK,20.627329
2020-07-31,2800.HK,21.100958
2020-08-31,2800.HK,19.827061
2020-09-30,2800.HK,19.794401
2020-10-31,2800.HK,22.267984
2020-11-30,2800.HK,23.005779
2020-12-31,2800.HK,23.860950
2021-01-31,2800.HK,24.498138
2021-02-28,2800.HK,24.028629
2021-03-31,2800.HK,24.146008
2021-04-30,2800.HK,24.758747
2021-05-31,2800.HK,24.624008
2021-06-30,2800.HK,22.333403
2021-07-31,2800.HK,22.249189
2021-08-31,2800.HK,21.238628
2021-09-30,2800.HK,21.491270
2021-10-31,2800.HK,20.310143
2021-11-30,2800.HK,20.224154
2021-12-31,2800.HK,20.636890
2022-01-31,2800.HK,19.673834
2022-02-28,2800.HK,19.157915
2022-03-31,2800.HK,18.246450
2022-04-30,2800.HK,18.664539
2022-05-31,2800.HK,19.234316
2022-06-30,2800.HK,17.853035
2022-07-31,2800.HK,17.697643
2022-08-31,2800.HK,15.444427
2022-09-30,2800.HK,12.794099
2022-10-31,2800.HK,16.726582
2022-11-30,2800.HK,17.817837
2022-12-31,2800.HK,19.678333
2023-01-31,2800.HK,17.880449
2023-02-28,2800.HK,18.408186
2023-03-31,2800.HK,17.889395
2023-04-30,2800.HK,16.612698
2023-05-31,2800.HK,17.304892
2023-06-30,2800.HK,18.464546
2023-07-31,2800.HK,17.017227
2023-08-31,2800.HK,16.576740
2023-09-30,2800.HK,15.480012
2023-10-31,2800.HK,15.937882
2023-11-30,2800.HK,15.937882
2023-12-31,2800.HK,14.482240
2024-01-31,2800.HK,15.418671
2024-02-29,2800.HK,15.529930
2024-03-31,2800.HK,16.540535
2024-04-30,2800.HK,17.110413
2024-05-31,2800.HK,16.942114
2024-06-30,2800.HK,16.792513
2024-07-31,2800.HK,17.400261
2024-08-31,2800.HK,20.401594
2024-09-30,2800.HK,19.130001
2024-10-31,2800.HK,18.872158
2024-11-30,2800.HK,19.488394
2024-12-31,2800.HK,19.700222
2025-01-31,2800.HK,22.299959
2025-02-28,2800.HK,22.588818
2025-03-31,2800.HK,21.433382
2025-04-30,2800.HK,22.930380
2025-05-31,2800.HK,23.844482
2025-06-30,2800.HK,24.564095
2025-07-31,2800.HK,24.914177
2025-08-31,2800.HK,26.761835
2025-09-30,2800.HK,25.342056
2025-10-31,2800.HK,25.849562
2025-11-30,2800.HK,25.631170
2025-12-31,2800.HK,27.398153
2026-01-31,2800.HK,26.703272
2026-02-28,2800.HK,24.896582
2026-03-31,2800.HK,25.710585
2026-04-30,2800.HK,25.400000
2026-05-31,2800.HK,25.080000
2026-06-12,2800.HK,25.080000
2020-09-30,3067.HK,15.482649
2020-10-31,3067.HK,16.514824
2020-11-30,3067.HK,17.261925
2020-12-31,3067.HK,19.277128
2021-01-31,3067.HK,18.579178
2021-02-28,3067.HK,16.839222
2021-03-31,3067.HK,17.035830
2021-04-30,3067.HK,16.613127
2021-05-31,3067.HK,16.809732
2021-06-30,3067.HK,13.958959
2021-07-31,3067.HK,13.555918
2021-08-31,3067.HK,12.484421
2021-09-30,3067.HK,13.113557
2021-10-31,3067.HK,12.336968
2021-11-30,3067.HK,11.698000
2021-12-31,3067.HK,11.127847
2022-01-31,3067.HK,10.488880
2022-02-28,3067.HK,9.363317
2022-03-31,3067.HK,9.147051
2022-04-30,3067.HK,9.196201
2022-05-31,3067.HK,10.017027
2022-06-30,3067.HK,8.916040
2022-07-31,3067.HK,8.793161
2022-08-31,3067.HK,7.107273
2022-09-30,3067.HK,5.893237
2022-10-31,3067.HK,7.854372
2022-11-30,3067.HK,8.522829
2022-12-31,3067.HK,9.390914
2023-01-31,3067.HK,8.113475
2023-02-28,3067.HK,8.873033
2023-03-31,3067.HK,8.074017
2023-04-30,3067.HK,7.467355
2023-05-31,3067.HK,8.074017
2023-06-30,3067.HK,9.376118
2023-07-31,3067.HK,8.651084
2023-08-31,3067.HK,8.118404
2023-09-30,3067.HK,7.773152
2023-10-31,3067.HK,8.044423
2023-11-30,3067.HK,7.778084
2023-12-31,3067.HK,6.199779
2024-01-31,3067.HK,7.097440
2024-02-29,3067.HK,7.210880
2024-03-31,3067.HK,7.674507
2024-04-30,3067.HK,7.694237
2024-05-31,3067.HK,7.358847
2024-06-30,3067.HK,7.337931
2024-07-31,3067.HK,7.426935
2024-08-31,3067.HK,9.879504
2024-09-30,3067.HK,9.375146
2024-10-31,3067.HK,9.063630
2024-11-30,3067.HK,9.286142
2024-12-31,3067.HK,9.827397
2025-01-31,3067.HK,11.560475
2025-02-28,3067.HK,11.212866
2025-03-31,3067.HK,10.626896
2025-04-30,3067.HK,10.815598
2025-05-31,3067.HK,11.093686
2025-06-30,3067.HK,11.432116
2025-07-31,3067.HK,11.909698
2025-08-31,3067.HK,13.561336
2025-09-30,3067.HK,12.417128
2025-10-31,3067.HK,11.770403
2025-11-30,3067.HK,11.481864
2025-12-31,3067.HK,11.990000
2026-01-31,3067.HK,10.770000
2026-02-28,3067.HK,9.790000
2026-03-31,3067.HK,10.260000
2026-04-30,3067.HK,10.250000
2026-05-31,3067.HK,9.895000
2026-06-12,3067.HK,9.895000
2016-07-01,ACWI,48.799126
2016-08-01,ACWI,48.966396
2016-09-01,ACWI,49.426369
2016-10-01,ACWI,48.481323
2016-11-01,ACWI,48.983116
2016-12-01,ACWI,49.484913
2017-01-01,ACWI,51.396130
2017-02-01,ACWI,52.687565
2017-03-01,ACWI,53.396606
2017-04-01,ACWI,54.257565
2017-05-01,ACWI,55.456165
2017-06-01,ACWI,55.278889
2017-07-01,ACWI,57.420353
2017-08-01,ACWI,57.650787
2017-09-01,ACWI,58.734661
2017-10-01,ACWI,59.997776
2017-11-01,ACWI,61.209679
2017-12-01,ACWI,61.525448
2018-01-01,ACWI,65.637733
2018-02-01,ACWI,62.700420
2018-03-01,ACWI,61.761497
2018-04-01,ACWI,62.011303
2018-05-01,ACWI,62.304176
2018-06-01,ACWI,61.261906
2018-07-01,ACWI,63.838104
2018-08-01,ACWI,64.282257
2018-09-01,ACWI,64.674187
2018-10-01,ACWI,59.866734
2018-11-01,ACWI,60.816021
2018-12-01,ACWI,55.877941
2019-01-01,ACWI,60.969513
2019-02-01,ACWI,62.473530
2019-03-01,ACWI,63.458614
2019-04-01,ACWI,65.631050
2019-05-01,ACWI,61.646767
2019-06-01,ACWI,64.830704
2019-07-01,ACWI,65.692436
2019-08-01,ACWI,64.240715
2019-09-01,ACWI,65.683517
2019-10-01,ACWI,67.482582
2019-11-01,ACWI,69.058990
2019-12-01,ACWI,70.581963
2020-01-01,ACWI,70.408371
2020-02-01,ACWI,65.135193
2020-03-01,ACWI,56.400612
2020-04-01,ACWI,61.944229
2020-05-01,ACWI,65.099136
2020-06-01,ACWI,66.451233
2020-07-01,ACWI,70.604057
2020-08-01,ACWI,74.858315
2020-09-01,ACWI,72.649368
2020-10-01,ACWI,71.031311
2020-11-01,ACWI,79.385254
2020-12-01,ACWI,82.466835
2021-01-01,ACWI,82.849777
2021-02-01,ACWI,84.746040
2021-03-01,ACWI,87.164482
2021-04-01,ACWI,90.865417
2021-05-01,ACWI,92.202888
2021-06-01,ACWI,92.697578
2021-07-01,ACWI,94.214317
2021-08-01,ACWI,96.262642
2021-09-01,ACWI,92.193657
2021-10-01,ACWI,97.166862
2021-11-01,ACWI,94.924767
2021-12-01,ACWI,97.600533
2022-01-01,ACWI,94.131104
2022-02-01,ACWI,91.250397
2022-03-01,ACWI,93.021721
2022-04-01,ACWI,85.516953
2022-05-01,ACWI,85.899178
2022-06-01,ACWI,78.207962
2022-07-01,ACWI,84.515182
2022-08-01,ACWI,80.826698
2022-09-01,ACWI,73.233315
2022-10-01,ACWI,77.881546
2022-11-01,ACWI,84.374031
2022-12-01,ACWI,79.866928
2023-01-01,ACWI,86.524475
2023-02-01,ACWI,83.651390
2023-03-01,ACWI,86.439140
2023-04-01,ACWI,87.795082
2023-05-01,ACWI,86.875320
2023-06-01,ACWI,90.971596
2023-07-01,ACWI,95.205185
2023-08-01,ACWI,92.436867
2023-09-01,ACWI,88.480759
2023-10-01,ACWI,86.229698
2023-11-01,ACWI,93.892860
2023-12-01,ACWI,97.484970
2024-01-01,ACWI,98.682533
2024-02-01,ACWI,103.130737
2024-03-01,ACWI,106.495903
2024-04-01,ACWI,102.714920
2024-05-01,ACWI,107.414558
2024-06-01,ACWI,108.690994
2024-07-01,ACWI,111.290421
2024-08-01,ACWI,114.069519
2024-09-01,ACWI,116.575569
2024-10-01,ACWI,114.137772
2024-11-01,ACWI,118.740334
2024-12-01,ACWI,114.576576
2025-01-01,ACWI,119.213783
2025-02-01,ACWI,118.859657
2025-03-01,ACWI,114.492058
2025-04-01,ACWI,115.082275
2025-05-01,ACWI,121.633675
2025-06-01,ACWI,126.502953
2025-07-01,ACWI,128.828125
2025-08-01,ACWI,132.277817
2025-09-01,ACWI,137.036011
2025-10-01,ACWI,140.178406
2025-11-01,ACWI,140.237885
2025-12-01,ACWI,140.257706
2026-01-01,ACWI,145.500000
2026-02-01,ACWI,147.380005
2026-03-01,ACWI,138.369995
2026-04-01,ACWI,151.539993
2026-05-01,ACWI,158.539993
2026-06-01,ACWI,156.470001
2026-06-12,ACWI,156.470001
2016-07-01,AGG,85.388016
2016-08-01,AGG,85.208458
2016-09-01,AGG,85.251015
2016-10-01,AGG,84.557953
2016-11-01,AGG,82.381966
2016-12-01,AGG,82.400406
2017-01-01,AGG,82.923538
2017-02-01,AGG,83.291077
2017-03-01,AGG,83.244247
2017-04-01,AGG,83.997299
2017-05-01,AGG,84.562469
2017-06-01,AGG,84.554855
2017-07-01,AGG,84.840721
2017-08-01,AGG,85.635658
2017-09-01,AGG,85.147461
2017-10-01,AGG,85.231712
2017-11-01,AGG,85.104385
2017-12-01,AGG,85.477425
2018-01-01,AGG,84.723213
2018-02-01,AGG,83.680801
2018-03-01,AGG,84.245583
2018-04-01,AGG,83.447403
2018-05-01,AGG,83.999817
2018-06-01,AGG,84.079765
2018-07-01,AGG,84.070763
2018-08-01,AGG,84.530251
2018-09-01,AGG,84.022095
2018-10-01,AGG,83.463554
2018-11-01,AGG,83.895325
2018-12-01,AGG,85.603088
2019-01-01,AGG,86.762337
2019-02-01,AGG,86.447472
2019-03-01,AGG,88.282440
2019-04-01,AGG,88.113625
2019-05-01,AGG,89.798019
2019-06-01,AGG,90.788132
2019-07-01,AGG,90.961594
2019-08-01,AGG,93.486015
2019-09-01,AGG,92.916718
2019-10-01,AGG,93.114891
2019-11-01,AGG,93.085991
2019-12-01,AGG,92.887856
2020-01-01,AGG,95.141319
2020-02-01,AGG,96.444138
2020-03-01,AGG,95.942146
2020-04-01,AGG,97.581490
2020-05-01,AGG,98.251884
2020-06-01,AGG,98.918892
2020-07-01,AGG,100.230919
2020-08-01,AGG,99.420837
2020-09-01,AGG,99.332436
2020-10-01,AGG,98.771614
2020-11-01,AGG,99.970833
2020-12-01,AGG,99.940369
2021-01-01,AGG,99.474487
2021-02-01,AGG,97.804001
2021-03-01,AGG,96.681824
2021-04-01,AGG,97.402847
2021-05-01,AGG,97.601357
2021-06-01,AGG,98.414673
2021-07-01,AGG,99.524017
2021-08-01,AGG,99.316544
2021-09-01,AGG,98.405098
2021-10-01,AGG,98.383827
2021-11-01,AGG,98.650040
2021-12-01,AGG,98.211136
2022-01-01,AGG,96.483109
2022-02-01,AGG,95.240364
2022-03-01,AGG,92.560310
2022-04-01,AGG,89.034470
2022-05-01,AGG,89.687744
2022-06-01,AGG,88.291542
2022-07-01,AGG,90.529549
2022-08-01,AGG,87.767281
2022-09-01,AGG,84.120560
2022-10-01,AGG,83.031372
2022-11-01,AGG,86.186180
2022-12-01,AGG,85.240273
2023-01-01,AGG,88.482552
2023-02-01,AGG,85.913353
2023-03-01,AGG,88.186050
2023-04-01,AGG,88.682533
2023-05-01,AGG,87.671112
2023-06-01,AGG,87.337181
2023-07-01,AGG,87.325005
2023-08-01,AGG,86.764198
2023-09-01,AGG,84.519630
2023-10-01,AGG,83.188217
2023-11-01,AGG,86.985619
2023-12-01,AGG,89.957474
2024-01-01,AGG,90.336769
2024-02-01,AGG,88.741508
2024-03-01,AGG,89.544083
2024-04-01,AGG,87.322968
2024-05-01,AGG,88.768684
2024-06-01,AGG,89.551949
2024-07-01,AGG,91.720917
2024-08-01,AGG,93.064514
2024-09-01,AGG,94.300659
2024-10-01,AGG,91.932915
2024-11-01,AGG,92.943222
2024-12-01,AGG,91.075180
2025-01-01,AGG,92.130981
2025-02-01,AGG,93.880913
2025-03-01,AGG,93.879120
2025-04-01,AGG,94.262741
2025-05-01,AGG,93.694786
2025-06-01,AGG,95.053535
2025-07-01,AGG,94.809937
2025-08-01,AGG,95.925964
2025-09-01,AGG,97.012512
2025-10-01,AGG,97.614082
2025-11-01,AGG,98.204292
2025-12-01,AGG,97.606140
2026-01-01,AGG,98.495796
2026-02-01,AGG,99.745071
2026-03-01,AGG,97.967812
2026-04-01,AGG,98.105782
2026-05-01,AGG,98.400223
2026-06-01,AGG,98.430000
2026-06-12,AGG,98.760002
2016-07-01,BABA,77.618004
2016-08-01,BABA,91.460884
2016-09-01,BABA,99.553932
2016-10-01,BABA,95.695633
2016-11-01,BABA,88.477745
2016-12-01,BABA,82.633812
2017-01-01,BABA,95.338013
2017-02-01,BABA,96.834290
2017-03-01,BABA,101.473686
2017-04-01,BABA,108.691559
2017-05-01,BABA,115.241280
2017-06-01,BABA,132.594284
2017-07-01,BABA,145.816055
2017-08-01,BABA,161.616364
2017-09-01,BABA,162.529175
2017-10-01,BABA,173.991180
2017-11-01,BABA,166.641571
2017-12-01,BABA,162.265671
2018-01-01,BABA,192.247589
2018-02-01,BABA,175.167496
2018-03-01,BABA,172.720764
2018-04-01,BABA,168.015488
2018-05-01,BABA,186.337784
2018-06-01,BABA,174.593445
2018-07-01,BABA,176.193237
2018-08-01,BABA,164.693573
2018-09-01,BABA,155.047806
2018-10-01,BABA,133.892929
2018-11-01,BABA,151.377686
2018-12-01,BABA,128.990067
2019-01-01,BABA,158.557938
2019-02-01,BABA,172.240814
2019-03-01,BABA,171.695023
2019-04-01,BABA,174.631104
2019-05-01,BABA,140.461487
2019-06-01,BABA,159.461334
2019-07-01,BABA,162.905594
2019-08-01,BABA,164.712387
2019-09-01,BABA,157.372192
2019-10-01,BABA,166.255737
2019-11-01,BABA,188.210495
2019-12-01,BABA,199.597229
2020-01-01,BABA,194.412018
2020-02-01,BABA,195.738907
2020-03-01,BABA,183.015884
2020-04-01,BABA,190.723083
2020-05-01,BABA,195.164871
2020-06-01,BABA,202.985001
2020-07-01,BABA,236.222977
2020-08-01,BABA,270.110260
2020-09-01,BABA,276.650635
2020-10-01,BABA,286.729279
2020-11-01,BABA,247.835541
2020-12-01,BABA,219.011139
2021-01-01,BABA,238.867325
2021-02-01,BABA,223.744629
2021-03-01,BABA,213.364807
2021-04-01,BABA,217.336044
2021-05-01,BABA,201.347580
2021-06-01,BABA,213.411865
2021-07-01,BABA,183.684021
2021-08-01,BABA,157.146347
2021-09-01,BABA,139.322815
2021-10-01,BABA,155.217194
2021-11-01,BABA,120.012405
2021-12-01,BABA,111.787621
2022-01-01,BABA,118.374992
2022-02-01,BABA,98.989311
2022-03-01,BABA,102.386505
2022-04-01,BABA,91.366783
2022-05-01,BABA,90.388084
2022-06-01,BABA,106.978836
2022-07-01,BABA,84.101868
2022-08-01,BABA,89.785812
2022-09-01,BABA,75.274780
2022-10-01,BABA,59.832115
2022-11-01,BABA,82.398552
2022-12-01,BABA,82.897308
2023-01-01,BABA,103.703972
2023-02-01,BABA,82.614998
2023-03-01,BABA,96.156738
2023-04-01,BABA,79.697739
2023-05-01,BABA,74.860725
2023-06-01,BABA,78.436722
2023-07-01,BABA,96.137917
2023-08-01,BABA,87.423782
2023-09-01,BABA,81.626884
2023-10-01,BABA,77.674469
2023-11-01,BABA,70.465996
2023-12-01,BABA,72.940971
2024-01-01,BABA,68.828720
2024-02-01,BABA,70.602608
2024-03-01,BABA,69.009926
2024-04-01,BABA,71.384644
2024-05-01,BABA,74.713066
2024-06-01,BABA,68.666595
2024-07-01,BABA,76.833794
2024-08-01,BABA,81.208992
2024-09-01,BABA,103.406509
2024-10-01,BABA,95.474648
2024-11-01,BABA,85.135948
2024-12-01,BABA,82.621918
2025-01-01,BABA,96.312653
2025-02-01,BABA,129.121704
2025-03-01,BABA,128.848877
2025-04-01,BABA,116.376167
2025-05-01,BABA,110.929100
2025-06-01,BABA,110.510101
2025-07-01,BABA,119.532219
2025-08-01,BABA,133.771454
2025-09-01,BABA,177.103485
2025-10-01,BABA,168.879013
2025-11-01,BABA,155.868515
2025-12-01,BABA,145.246063
2026-01-01,BABA,168.016937
2026-02-01,BABA,142.798538
2026-03-01,BABA,124.318268
2026-04-01,BABA,130.679840
2026-05-01,BABA,123.089554
2026-06-01,BABA,111.793297
2026-06-12,BABA,112.820000
2016-07-01,BIL,73.678238
2016-08-01,BIL,73.678238
2016-09-01,BIL,73.694382
2016-10-01,BIL,73.710503
2016-11-01,BIL,73.678238
2016-12-01,BIL,73.646019
2017-01-01,BIL,73.726616
2017-02-01,BIL,73.742790
2017-03-01,BIL,73.731491
2017-04-01,BIL,73.783073
2017-05-01,BIL,73.789558
2017-06-01,BIL,73.849297
2017-07-01,BIL,73.876770
2017-08-01,BIL,73.949524
2017-09-01,BIL,74.001297
2017-10-01,BIL,74.054680
2017-11-01,BIL,74.090340
2017-12-01,BIL,74.082222
2018-01-01,BIL,74.299622
2018-02-01,BIL,74.291542
2018-03-01,BIL,74.393898
2018-04-01,BIL,74.450027
2018-05-01,BIL,74.559959
2018-06-01,BIL,74.655388
2018-07-01,BIL,74.758255
2018-08-01,BIL,74.870209
2018-09-01,BIL,74.972557
2018-10-01,BIL,75.093864
2018-11-01,BIL,75.230240
2018-12-01,BIL,75.230263
2019-01-01,BIL,75.623436
2019-02-01,BIL,75.615166
2019-03-01,BIL,75.754921
2019-04-01,BIL,75.895798
2019-05-01,BIL,76.058479
2019-06-01,BIL,76.194908
2019-07-01,BIL,76.341560
2019-08-01,BIL,76.479309
2019-09-01,BIL,76.592216
2019-10-01,BIL,76.741302
2019-11-01,BIL,76.822678
2019-12-01,BIL,76.830215
2020-01-01,BIL,77.117943
2020-02-01,BIL,77.117943
2020-03-01,BIL,77.284966
2020-04-01,BIL,77.307816
2020-05-01,BIL,77.326431
2020-06-01,BIL,77.338257
2020-07-01,BIL,77.346680
2020-08-01,BIL,77.346680
2020-09-01,BIL,77.329765
2020-10-01,BIL,77.338257
2020-11-01,BIL,77.329765
2020-12-01,BIL,77.329765
2021-01-01,BIL,77.332306
2021-02-01,BIL,77.323860
2021-03-01,BIL,77.315414
2021-04-01,BIL,77.315414
2021-05-01,BIL,77.306969
2021-06-01,BIL,77.290092
2021-07-01,BIL,77.281624
2021-08-01,BIL,77.273148
2021-09-01,BIL,77.281624
2021-10-01,BIL,77.273148
2021-11-01,BIL,77.256256
2021-12-01,BIL,77.256256
2022-01-01,BIL,77.256256
2022-02-01,BIL,77.239342
2022-03-01,BIL,77.256256
2022-04-01,BIL,77.266418
2022-05-01,BIL,77.291756
2022-06-01,BIL,77.325569
2022-07-01,BIL,77.334900
2022-08-01,BIL,77.447395
2022-09-01,BIL,77.571953
2022-10-01,BIL,77.681412
2022-11-01,BIL,77.881058
2022-12-01,BIL,77.888031
2023-01-01,BIL,78.564064
2023-02-01,BIL,78.546906
2023-03-01,BIL,78.930260
2023-04-01,BIL,79.115837
2023-05-01,BIL,79.428986
2023-06-01,BIL,79.779152
2023-07-01,BIL,80.085533
2023-08-01,BIL,80.464752
2023-09-01,BIL,80.776398
2023-10-01,BIL,81.134102
2023-11-01,BIL,81.501495
2023-12-01,BIL,81.464157
2024-01-01,BIL,82.566101
2024-02-01,BIL,82.566101
2024-03-01,BIL,82.951027
2024-04-01,BIL,83.264076
2024-05-01,BIL,83.660355
2024-06-01,BIL,83.978897
2024-07-01,BIL,84.369331
2024-08-01,BIL,84.749687
2024-09-01,BIL,85.113174
2024-10-01,BIL,85.472549
2024-11-01,BIL,85.800636
2024-12-01,BIL,85.809006
2025-01-01,BIL,86.787415
2025-02-01,BIL,86.759048
2025-03-01,BIL,87.077888
2025-04-01,BIL,87.343613
2025-05-01,BIL,87.669449
2025-06-01,BIL,87.959114
2025-07-01,BIL,88.282372
2025-08-01,BIL,88.597168
2025-09-01,BIL,88.886894
2025-10-01,BIL,89.209610
2025-11-01,BIL,89.474007
2025-12-01,BIL,89.437653
2026-01-01,BIL,90.337479
2026-02-01,BIL,90.307907
2026-03-01,BIL,90.598473
2026-04-01,BIL,90.839401
2026-05-01,BIL,91.121742
2026-06-01,BIL,91.241440
2026-06-12,BIL,91.510002
2016-07-01,BRK.B,144.270004
2016-08-01,BRK.B,150.490005
2016-09-01,BRK.B,144.470001
2016-10-01,BRK.B,144.300003
2016-11-01,BRK.B,157.440002
2016-12-01,BRK.B,162.979996
2017-01-01,BRK.B,164.139999
2017-02-01,BRK.B,171.419998
2017-03-01,BRK.B,166.679993
2017-04-01,BRK.B,165.210007
2017-05-01,BRK.B,165.279999
2017-06-01,BRK.B,169.369995
2017-07-01,BRK.B,174.970001
2017-08-01,BRK.B,181.160004
2017-09-01,BRK.B,183.320007
2017-10-01,BRK.B,186.940002
2017-11-01,BRK.B,193.009995
2017-12-01,BRK.B,198.220001
2018-01-01,BRK.B,214.380005
2018-02-01,BRK.B,207.199997
2018-03-01,BRK.B,199.479996
2018-04-01,BRK.B,193.729996
2018-05-01,BRK.B,191.529999
2018-06-01,BRK.B,186.649994
2018-07-01,BRK.B,197.869995
2018-08-01,BRK.B,208.720001
2018-09-01,BRK.B,214.110001
2018-10-01,BRK.B,205.279999
2018-11-01,BRK.B,218.240005
2018-12-01,BRK.B,204.179993
2019-01-01,BRK.B,205.539993
2019-02-01,BRK.B,201.300003
2019-03-01,BRK.B,200.889999
2019-04-01,BRK.B,216.710007
2019-05-01,BRK.B,197.419998
2019-06-01,BRK.B,213.169998
2019-07-01,BRK.B,205.429993
2019-08-01,BRK.B,203.410004
2019-09-01,BRK.B,208.020004
2019-10-01,BRK.B,212.580002
2019-11-01,BRK.B,220.300003
2019-12-01,BRK.B,226.500000
2020-01-01,BRK.B,224.429993
2020-02-01,BRK.B,206.339996
2020-03-01,BRK.B,182.830002
2020-04-01,BRK.B,187.360001
2020-05-01,BRK.B,185.580002
2020-06-01,BRK.B,178.509995
2020-07-01,BRK.B,195.779999
2020-08-01,BRK.B,218.039993
2020-09-01,BRK.B,212.940002
2020-10-01,BRK.B,201.899994
2020-11-01,BRK.B,228.910004
2020-12-01,BRK.B,231.869995
2021-01-01,BRK.B,227.869995
2021-02-01,BRK.B,240.509995
2021-03-01,BRK.B,255.470001
2021-04-01,BRK.B,274.950012
2021-05-01,BRK.B,289.440002
2021-06-01,BRK.B,277.920013
2021-07-01,BRK.B,278.290009
2021-08-01,BRK.B,285.769989
2021-09-01,BRK.B,272.940002
2021-10-01,BRK.B,287.010010
2021-11-01,BRK.B,276.690002
2021-12-01,BRK.B,299.000000
2022-01-01,BRK.B,313.019989
2022-02-01,BRK.B,321.450012
2022-03-01,BRK.B,352.910004
2022-04-01,BRK.B,322.829987
2022-05-01,BRK.B,315.980011
2022-06-01,BRK.B,273.019989
2022-07-01,BRK.B,300.600006
2022-08-01,BRK.B,280.799988
2022-09-01,BRK.B,267.019989
2022-10-01,BRK.B,295.089996
2022-11-01,BRK.B,318.600006
2022-12-01,BRK.B,308.899994
2023-01-01,BRK.B,311.519989
2023-02-01,BRK.B,305.179993
2023-03-01,BRK.B,308.769989
2023-04-01,BRK.B,328.549988
2023-05-01,BRK.B,321.079987
2023-06-01,BRK.B,341.000000
2023-07-01,BRK.B,351.959991
2023-08-01,BRK.B,360.200012
2023-09-01,BRK.B,350.299988
2023-10-01,BRK.B,341.329987
2023-11-01,BRK.B,360.000000
2023-12-01,BRK.B,356.660004
2024-01-01,BRK.B,383.739990
2024-02-01,BRK.B,409.399994
2024-03-01,BRK.B,420.519989
2024-04-01,BRK.B,396.730011
2024-05-01,BRK.B,414.399994
2024-06-01,BRK.B,406.799988
2024-07-01,BRK.B,438.500000
2024-08-01,BRK.B,475.920013
2024-09-01,BRK.B,460.260010
2024-10-01,BRK.B,450.920013
2024-11-01,BRK.B,483.019989
2024-12-01,BRK.B,453.279999
2025-01-01,BRK.B,468.670013
2025-02-01,BRK.B,513.830017
2025-03-01,BRK.B,532.580017
2025-04-01,BRK.B,533.250000
2025-05-01,BRK.B,503.959991
2025-06-01,BRK.B,485.769989
2025-07-01,BRK.B,471.880005
2025-08-01,BRK.B,502.980011
2025-09-01,BRK.B,502.739990
2025-10-01,BRK.B,477.540009
2025-11-01,BRK.B,513.809998
2025-12-01,BRK.B,502.649994
2026-01-01,BRK.B,480.529999
2026-02-01,BRK.B,504.950012
2026-03-01,BRK.B,479.200012
2026-04-01,BRK.B,473.600006
2026-05-01,BRK.B,474.480011
2026-06-01,BRK.B,489.250000
2026-06-12,BRK.B,489.250000
2016-07-01,CNYA,21.081062
2016-08-01,CNYA,21.592270
2016-09-01,CNYA,21.275806
2016-10-01,CNYA,21.381292
2016-11-01,CNYA,22.329859
2016-12-01,CNYA,20.050543
2017-01-01,CNYA,21.336557
2017-02-01,CNYA,21.821667
2017-03-01,CNYA,21.805225
2017-04-01,CNYA,21.599667
2017-05-01,CNYA,22.191662
2017-06-01,CNYA,23.276991
2017-07-01,CNYA,24.174500
2017-08-01,CNYA,25.198280
2017-09-01,CNYA,25.196627
2017-10-01,CNYA,26.147753
2017-11-01,CNYA,26.007399
2017-12-01,CNYA,26.444979
2018-01-01,CNYA,28.874613
2018-02-01,CNYA,26.955181
2018-03-01,CNYA,26.880396
2018-04-01,CNYA,25.758652
2018-05-01,CNYA,25.850050
2018-06-01,CNYA,23.049837
2018-07-01,CNYA,23.063082
2018-08-01,CNYA,21.469936
2018-09-01,CNYA,22.121372
2018-10-01,CNYA,20.285500
2018-11-01,CNYA,20.360571
2018-12-01,CNYA,18.920902
2019-01-01,CNYA,21.515274
2019-02-01,CNYA,24.346638
2019-03-01,CNYA,25.418524
2019-04-01,CNYA,25.582241
2019-05-01,CNYA,22.971451
2019-06-01,CNYA,24.548265
2019-07-01,CNYA,24.505524
2019-08-01,CNYA,23.960384
2019-09-01,CNYA,23.977690
2019-10-01,CNYA,24.669935
2019-11-01,CNYA,24.470915
2019-12-01,CNYA,26.339979
2020-01-01,CNYA,23.830379
2020-02-01,CNYA,26.108667
2020-03-01,CNYA,23.743088
2020-04-01,CNYA,24.938972
2020-05-01,CNYA,25.261950
2020-06-01,CNYA,27.583879
2020-07-01,CNYA,31.655157
2020-08-01,CNYA,33.318913
2020-09-01,CNYA,32.135021
2020-10-01,CNYA,33.056213
2020-11-01,CNYA,35.026455
2020-12-01,CNYA,37.276913
2021-01-01,CNYA,38.977844
2021-02-01,CNYA,38.606804
2021-03-01,CNYA,36.345169
2021-04-01,CNYA,37.520153
2021-05-01,CNYA,40.002647
2021-06-01,CNYA,39.181042
2021-07-01,CNYA,37.042263
2021-08-01,CNYA,37.307735
2021-09-01,CNYA,37.652843
2021-10-01,CNYA,38.254585
2021-11-01,CNYA,38.422714
2021-12-01,CNYA,38.582001
2022-01-01,CNYA,35.892647
2022-02-01,CNYA,36.607109
2022-03-01,CNYA,32.954430
2022-04-01,CNYA,29.569683
2022-05-01,CNYA,30.784266
2022-06-01,CNYA,33.981464
2022-07-01,CNYA,31.557108
2022-08-01,CNYA,30.188179
2022-09-01,CNYA,27.405567
2022-10-01,CNYA,24.784012
2022-11-01,CNYA,28.747663
2022-12-01,CNYA,27.933456
2023-01-01,CNYA,31.640289
2023-02-01,CNYA,29.917120
2023-03-01,CNYA,29.944614
2023-04-01,CNYA,29.568817
2023-05-01,CNYA,27.121557
2023-06-01,CNYA,26.745760
2023-07-01,CNYA,28.564396
2023-08-01,CNYA,26.314146
2023-09-01,CNYA,25.932983
2023-10-01,CNYA,24.881334
2023-11-01,CNYA,25.092579
2023-12-01,CNYA,23.714876
2024-01-01,CNYA,22.662273
2024-02-01,CNYA,24.829094
2024-03-01,CNYA,24.803289
2024-04-01,CNYA,25.405451
2024-05-01,CNYA,25.156939
2024-06-01,CNYA,24.210688
2024-07-01,CNYA,24.483334
2024-08-01,CNYA,23.994434
2024-09-01,CNYA,29.113503
2024-10-01,CNYA,28.078186
2024-11-01,CNYA,27.934389
2024-12-01,CNYA,26.745693
2025-01-01,CNYA,26.918755
2025-02-01,CNYA,27.398922
2025-03-01,CNYA,27.467518
2025-04-01,CNYA,26.516983
2025-05-01,CNYA,27.114742
2025-06-01,CNYA,28.133871
2025-07-01,CNYA,29.200586
2025-08-01,CNYA,32.929371
2025-09-01,CNYA,33.785316
2025-10-01,CNYA,33.745960
2025-11-01,CNYA,33.401615
2025-12-01,CNYA,34.021439
2026-01-01,CNYA,35.110001
2026-02-01,CNYA,36.150002
2026-03-01,CNYA,34.180000
2026-04-01,CNYA,36.869999
2026-05-01,CNYA,37.549999
2026-06-01,CNYA,36.911999
2026-06-12,CNYA,36.911598
2016-07-01,DBC,12.072848
2016-08-01,DBC,12.165847
2016-09-01,DBC,12.690018
2016-10-01,DBC,12.647746
2016-11-01,DBC,12.859106
2016-12-01,DBC,13.391732
2017-01-01,DBC,13.315641
2017-02-01,DBC,13.290280
2017-03-01,DBC,12.859106
2017-04-01,DBC,12.512476
2017-05-01,DBC,12.334935
2017-06-01,DBC,12.216573
2017-07-01,DBC,12.715382
2017-08-01,DBC,12.766109
2017-09-01,DBC,13.019738
2017-10-01,DBC,13.535456
2017-11-01,DBC,13.662271
2017-12-01,DBC,14.042720
2018-01-01,DBC,14.456982
2018-02-01,DBC,14.034265
2018-03-01,DBC,14.355530
2018-04-01,DBC,14.845882
2018-05-01,DBC,15.243240
2018-06-01,DBC,14.947336
2018-07-01,DBC,14.583799
2018-08-01,DBC,14.693706
2018-09-01,DBC,15.192514
2018-10-01,DBC,14.338619
2018-11-01,DBC,12.926741
2018-12-01,DBC,12.250392
2019-01-01,DBC,13.291621
2019-02-01,DBC,13.668446
2019-03-01,DBC,13.617059
2019-04-01,DBC,13.779778
2019-05-01,DBC,12.957616
2019-06-01,DBC,13.471467
2019-07-01,DBC,13.317312
2019-08-01,DBC,12.700692
2019-09-01,DBC,12.880539
2019-10-01,DBC,13.128900
2019-11-01,DBC,13.111773
2019-12-01,DBC,13.659880
2020-01-01,DBC,12.686612
2020-02-01,DBC,11.842578
2020-03-01,DBC,9.789053
2020-04-01,DBC,9.484504
2020-05-01,DBC,10.250224
2020-06-01,DBC,10.711399
2020-07-01,DBC,11.259585
2020-08-01,DBC,11.781669
2020-09-01,DBC,11.364002
2020-10-01,DBC,11.007245
2020-11-01,DBC,12.129724
2020-12-01,DBC,12.791028
2021-01-01,DBC,13.217396
2021-02-01,DBC,14.557408
2021-03-01,DBC,14.452992
2021-04-01,DBC,15.584170
2021-05-01,DBC,16.184566
2021-06-01,DBC,16.750154
2021-07-01,DBC,16.967691
2021-08-01,DBC,16.689245
2021-09-01,DBC,17.559385
2021-10-01,DBC,18.577446
2021-11-01,DBC,16.950289
2021-12-01,DBC,18.081469
2022-01-01,DBC,19.508492
2022-02-01,DBC,20.770193
2022-03-01,DBC,22.675793
2022-04-01,DBC,23.954899
2022-05-01,DBC,25.059973
2022-06-01,DBC,23.180475
2022-07-01,DBC,22.719303
2022-08-01,DBC,22.379948
2022-09-01,DBC,20.805000
2022-10-01,DBC,21.857866
2022-11-01,DBC,22.179817
2022-12-01,DBC,21.448900
2023-01-01,DBC,21.770996
2023-02-01,DBC,20.799307
2023-03-01,DBC,20.781801
2023-04-01,DBC,20.624229
2023-05-01,DBC,19.302389
2023-06-01,DBC,19.871393
2023-07-01,DBC,21.604670
2023-08-01,DBC,21.525883
2023-09-01,DBC,21.849777
2023-10-01,DBC,21.455853
2023-11-01,DBC,20.930618
2023-12-01,DBC,19.293634
2024-01-01,DBC,20.508070
2024-02-01,DBC,20.195810
2024-03-01,DBC,21.095850
2024-04-01,DBC,21.435663
2024-05-01,DBC,21.371374
2024-06-01,DBC,21.334637
2024-07-01,DBC,20.737671
2024-08-01,DBC,20.306019
2024-09-01,DBC,20.452965
2024-10-01,DBC,20.746855
2024-11-01,DBC,20.333570
2024-12-01,DBC,19.635580
2025-01-01,DBC,21.254652
2025-02-01,DBC,21.283676
2025-03-01,DBC,21.767397
2025-04-01,DBC,19.900236
2025-05-01,DBC,20.200142
2025-06-01,DBC,21.099863
2025-07-01,DBC,21.719025
2025-08-01,DBC,21.486837
2025-09-01,DBC,21.796419
2025-10-01,DBC,22.135023
2025-11-01,DBC,22.309162
2025-12-01,DBC,21.631956
2026-01-01,DBC,24.430000
2026-02-01,DBC,25.100000
2026-03-01,DBC,28.950001
2026-04-01,DBC,31.100000
2026-05-01,DBC,29.480000
2026-06-01,DBC,28.549999
2026-06-12,DBC,28.549999
2019-06-01,DBMF,16.886063
2019-07-01,DBMF,17.275707
2019-08-01,DBMF,18.568621
2019-09-01,DBMF,18.253630
2019-10-01,DBMF,18.078110
2019-11-01,DBMF,18.209473
2019-12-01,DBMF,16.717649
2020-01-01,DBMF,18.396767
2020-02-01,DBMF,18.007685
2020-03-01,DBMF,18.229912
2020-04-01,DBMF,18.646633
2020-05-01,DBMF,18.070898
2020-06-01,DBMF,17.732655
2020-07-01,DBMF,18.364525
2020-08-01,DBMF,18.247215
2020-09-01,DBMF,17.698826
2020-10-01,DBMF,17.697390
2020-11-01,DBMF,17.826212
2020-12-01,DBMF,18.394747
2021-01-01,DBMF,18.520390
2021-02-01,DBMF,19.343035
2021-03-01,DBMF,19.907423
2021-04-01,DBMF,20.354294
2021-05-01,DBMF,20.942621
2021-06-01,DBMF,20.669857
2021-07-01,DBMF,20.822927
2021-08-01,DBMF,20.272318
2021-09-01,DBMF,20.244751
2021-10-01,DBMF,21.088436
2021-11-01,DBMF,20.587881
2021-12-01,DBMF,18.714083
2022-01-01,DBMF,20.755627
2022-02-01,DBMF,21.400736
2022-03-01,DBMF,22.913731
2022-04-01,DBMF,25.339495
2022-05-01,DBMF,25.091070
2022-06-01,DBMF,25.964567
2022-07-01,DBMF,25.034973
2022-08-01,DBMF,25.716143
2022-09-01,DBMF,27.198687
2022-10-01,DBMF,27.463142
2022-11-01,DBMF,25.034973
2022-12-01,DBMF,23.328041
2023-01-01,DBMF,24.327351
2023-02-01,DBMF,24.508701
2023-03-01,DBMF,22.712437
2023-04-01,DBMF,22.936968
2023-05-01,DBMF,23.066509
2023-06-01,DBMF,23.861010
2023-07-01,DBMF,23.774654
2023-08-01,DBMF,23.852375
2023-09-01,DBMF,24.957771
2023-10-01,DBMF,24.862774
2023-11-01,DBMF,23.567390
2023-12-01,DBMF,22.246096
2024-01-01,DBMF,23.452662
2024-02-01,DBMF,24.305809
2024-03-01,DBMF,25.487776
2024-04-01,DBMF,26.746138
2024-05-01,DBMF,26.486986
2024-06-01,DBMF,26.862307
2024-07-01,DBMF,26.080952
2024-08-01,DBMF,25.278877
2024-09-01,DBMF,25.350971
2024-10-01,DBMF,24.484936
2024-11-01,DBMF,24.739513
2024-12-01,DBMF,23.784845
2025-01-01,DBMF,24.841619
2025-02-01,DBMF,24.269148
2025-03-01,DBMF,23.706059
2025-04-01,DBMF,23.873442
2025-05-01,DBMF,23.835638
2025-06-01,DBMF,24.317644
2025-07-01,DBMF,24.365158
2025-08-01,DBMF,24.688631
2025-09-01,DBMF,25.982525
2025-10-01,DBMF,27.131079
2025-11-01,DBMF,27.647495
2025-12-01,DBMF,26.834616
2026-01-01,DBMF,29.075094
2026-02-01,DBMF,31.346119
2026-03-01,DBMF,30.031315
2026-04-01,DBMF,30.559999
2026-05-01,DBMF,31.000000
2026-06-01,DBMF,30.820000
2026-06-12,DBMF,30.820000
2016-07-01,EEM,29.234673
2016-08-01,EEM,29.493032
2016-09-01,EEM,30.235800
2016-10-01,EEM,29.985523
2016-11-01,EEM,28.661448
2016-12-01,EEM,28.265829
2017-01-01,EEM,30.491688
2017-02-01,EEM,31.022484
2017-03-01,EEM,32.165707
2017-04-01,EEM,32.712830
2017-05-01,EEM,33.643753
2017-06-01,EEM,33.798908
2017-07-01,EEM,35.932629
2017-08-01,EEM,36.777615
2017-09-01,EEM,36.761211
2017-10-01,EEM,37.967167
2017-11-01,EEM,37.819508
2017-12-01,EEM,38.656292
2018-01-01,EEM,42.498390
2018-02-01,EEM,39.991634
2018-03-01,EEM,40.208157
2018-04-01,EEM,39.075539
2018-05-01,EEM,38.051178
2018-06-01,EEM,36.085747
2018-07-01,EEM,37.604019
2018-08-01,EEM,36.187366
2018-09-01,EEM,35.977806
2018-10-01,EEM,32.825981
2018-11-01,EEM,34.435429
2018-12-01,EEM,32.742161
2019-01-01,EEM,36.671413
2019-02-01,EEM,36.109859
2019-03-01,EEM,36.518269
2019-04-01,EEM,37.377628
2019-05-01,EEM,34.637905
2019-06-01,EEM,36.509769
2019-07-01,EEM,35.810780
2019-08-01,EEM,34.456196
2019-09-01,EEM,35.039177
2019-10-01,EEM,36.505222
2019-11-01,EEM,36.470917
2019-12-01,EEM,38.468506
2020-01-01,EEM,36.873440
2020-02-01,EEM,35.481159
2020-03-01,EEM,29.885794
2020-04-01,EEM,32.083660
2020-05-01,EEM,33.038116
2020-06-01,EEM,35.017078
2020-07-01,EEM,38.126648
2020-08-01,EEM,39.227558
2020-09-01,EEM,38.831230
2020-10-01,EEM,39.377277
2020-11-01,EEM,42.917797
2020-12-01,EEM,45.507137
2021-01-01,EEM,47.436935
2021-02-01,EEM,47.810658
2021-03-01,EEM,47.463631
2021-04-01,EEM,48.033115
2021-05-01,EEM,48.825062
2021-06-01,EEM,49.074226
2021-07-01,EEM,46.116364
2021-08-01,EEM,46.840286
2021-09-01,EEM,45.026024
2021-10-01,EEM,45.508629
2021-11-01,EEM,43.649677
2021-12-01,EEM,43.658619
2022-01-01,EEM,44.298439
2022-02-01,EEM,42.384640
2022-03-01,EEM,40.951569
2022-04-01,EEM,38.439152
2022-05-01,EEM,38.674969
2022-06-01,EEM,36.371159
2022-07-01,EEM,36.552181
2022-08-01,EEM,36.067383
2022-09-01,EEM,31.905413
2022-10-01,EEM,31.274252
2022-11-01,EEM,36.149708
2022-12-01,EEM,34.667866
2023-01-01,EEM,38.409428
2023-02-01,EEM,35.502712
2023-03-01,EEM,36.644970
2023-04-01,EEM,36.338512
2023-05-01,EEM,35.465572
2023-06-01,EEM,36.737835
2023-07-01,EEM,39.262539
2023-08-01,EEM,36.660629
2023-09-01,EEM,35.518795
2023-10-01,EEM,34.348873
2023-11-01,EEM,37.025646
2023-12-01,EEM,37.634010
2024-01-01,EEM,36.610115
2024-02-01,EEM,38.135937
2024-03-01,EEM,39.175400
2024-04-01,EEM,39.089573
2024-05-01,EEM,39.852482
2024-06-01,EEM,40.615391
2024-07-01,EEM,41.241508
2024-08-01,EEM,41.644802
2024-09-01,EEM,44.035751
2024-10-01,EEM,42.681839
2024-11-01,EEM,41.539173
2024-12-01,EEM,40.156456
2025-01-01,EEM,41.713181
2025-02-01,EEM,42.191628
2025-03-01,EEM,42.670086
2025-04-01,EEM,42.728668
2025-05-01,EEM,44.447189
2025-06-01,EEM,47.103085
2025-07-01,EEM,47.874882
2025-08-01,EEM,49.156540
2025-09-01,EEM,52.646595
2025-10-01,EEM,54.519787
2025-11-01,EEM,53.553616
2025-12-01,EEM,53.938110
2026-01-01,EEM,59.099998
2026-02-01,EEM,62.580002
2026-03-01,EEM,56.790001
2026-04-01,EEM,63.990002
2026-05-01,EEM,68.599998
2026-06-01,EEM,67.879997
2026-06-12,EEM,67.879997
2016-07-01,EMB,71.960144
2016-08-01,EMB,72.933121
2016-09-01,EMB,73.242737
2016-10-01,EMB,71.970123
2016-11-01,EMB,68.889084
2016-12-01,EMB,69.738045
2017-01-01,EMB,71.407028
2017-02-01,EMB,72.317680
2017-03-01,EMB,72.693352
2017-04-01,EMB,73.939529
2017-05-01,EMB,74.501854
2017-06-01,EMB,73.968681
2017-07-01,EMB,74.838165
2017-08-01,EMB,76.322021
2017-09-01,EMB,76.185402
2017-10-01,EMB,76.368294
2017-11-01,EMB,76.164749
2017-12-01,EMB,76.861267
2018-01-01,EMB,76.915962
2018-02-01,EMB,75.035767
2018-03-01,EMB,75.425125
2018-04-01,EMB,73.856552
2018-05-01,EMB,73.227585
2018-06-01,EMB,72.103943
2018-07-01,EMB,73.957527
2018-08-01,EMB,72.252068
2018-09-01,EMB,73.714622
2018-10-01,EMB,71.856125
2018-11-01,EMB,71.488571
2018-12-01,EMB,71.957169
2019-01-01,EMB,76.674339
2019-02-01,EMB,76.667274
2019-03-01,EMB,77.821190
2019-04-01,EMB,77.954590
2019-05-01,EMB,78.341652
2019-06-01,EMB,81.097137
2019-07-01,EMB,81.717674
2019-08-01,EMB,83.001816
2019-09-01,EMB,82.098579
2019-10-01,EMB,82.576141
2019-11-01,EMB,81.788933
2019-12-01,EMB,83.867851
2020-01-01,EMB,85.547066
2020-02-01,EMB,84.175156
2020-03-01,EMB,71.564964
2020-04-01,EMB,74.665421
2020-05-01,EMB,79.384651
2020-06-01,EMB,81.797081
2020-07-01,EMB,84.964485
2020-08-01,EMB,85.591255
2020-09-01,EMB,83.807220
2020-10-01,EMB,83.394157
2020-11-01,EMB,86.887253
2020-12-01,EMB,88.468124
2021-01-01,EMB,87.497551
2021-02-01,EMB,84.561768
2021-03-01,EMB,83.944870
2021-04-01,EMB,85.961517
2021-05-01,EMB,86.795837
2021-06-01,EMB,87.535492
2021-07-01,EMB,88.027367
2021-08-01,EMB,88.823128
2021-09-01,EMB,86.483078
2021-10-01,EMB,86.615349
2021-11-01,EMB,84.974243
2021-12-01,EMB,86.513290
2022-01-01,EMB,84.156998
2022-02-01,EMB,79.221626
2022-03-01,EMB,78.348946
2022-04-01,EMB,73.097382
2022-05-01,EMB,73.683655
2022-06-01,EMB,69.172264
2022-07-01,EMB,71.624214
2022-08-01,EMB,69.705788
2022-09-01,EMB,65.140480
2022-10-01,EMB,64.967896
2022-11-01,EMB,71.502365
2022-12-01,EMB,70.320618
2023-01-01,EMB,73.655807
2023-02-01,EMB,71.418709
2023-03-01,EMB,72.547562
2023-04-01,EMB,72.761787
2023-05-01,EMB,71.906387
2023-06-01,EMB,73.698532
2023-07-01,EMB,74.981590
2023-08-01,EMB,73.599701
2023-09-01,EMB,71.134468
2023-10-01,EMB,70.282341
2023-11-01,EMB,74.652939
2023-12-01,EMB,77.773010
2024-01-01,EMB,77.447266
2024-02-01,EMB,77.728981
2024-03-01,EMB,79.265610
2024-04-01,EMB,77.376236
2024-05-01,EMB,79.387207
2024-06-01,EMB,79.207138
2024-07-01,EMB,81.302101
2024-08-01,EMB,83.143227
2024-09-01,EMB,84.846085
2024-10-01,EMB,82.765038
2024-11-01,EMB,84.231262
2024-12-01,EMB,81.768036
2025-01-01,EMB,84.141594
2025-02-01,EMB,85.516853
2025-03-01,EMB,84.590736
2025-04-01,EMB,84.356277
2025-05-01,EMB,85.333199
2025-06-01,EMB,87.627357
2025-07-01,EMB,88.258408
2025-08-01,EMB,89.814835
2025-09-01,EMB,91.239662
2025-10-01,EMB,93.055687
2025-11-01,EMB,93.499481
2025-12-01,EMB,93.468651
2026-01-01,EMB,94.496147
2026-02-01,EMB,95.621338
2026-03-01,EMB,92.299927
2026-04-01,EMB,94.527275
2026-05-01,EMB,95.612053
2026-06-01,EMB,95.953300
2026-06-12,EMB,96.360001
2016-07-01,EWJ,39.749779
2016-08-01,EWJ,40.474903
2016-09-01,EWJ,41.331860
2016-10-01,EWJ,41.628506
2016-11-01,EWJ,41.109386
2016-12-01,EWJ,40.260666
2017-01-01,EWJ,42.155407
2017-02-01,EWJ,42.705589
2017-03-01,EWJ,42.930656
2017-04-01,EWJ,43.230759
2017-05-01,EWJ,44.422813
2017-06-01,EWJ,44.722916
2017-07-01,EWJ,45.942173
2017-08-01,EWJ,45.900219
2017-09-01,EWJ,46.739189
2017-10-01,EWJ,49.205769
2017-11-01,EWJ,50.262871
2017-12-01,EWJ,50.279652
2018-01-01,EWJ,53.154819
2018-02-01,EWJ,51.575554
2018-03-01,EWJ,51.246193
2018-04-01,EWJ,51.212402
2018-05-01,EWJ,50.452324
2018-06-01,EWJ,48.906826
2018-07-01,EWJ,49.813110
2018-08-01,EWJ,49.549282
2018-09-01,EWJ,51.259937
2018-10-01,EWJ,46.672657
2018-11-01,EWJ,47.098190
2018-12-01,EWJ,43.140728
2019-01-01,EWJ,46.554932
2019-02-01,EWJ,46.623543
2019-03-01,EWJ,46.932304
2019-04-01,EWJ,47.532684
2019-05-01,EWJ,45.216949
2019-06-01,EWJ,46.812233
2019-07-01,EWJ,47.039188
2019-08-01,EWJ,46.667030
2019-09-01,EWJ,49.107700
2019-10-01,EWJ,50.786739
2019-11-01,EWJ,51.435860
2019-12-01,EWJ,51.271412
2020-01-01,EWJ,50.578156
2020-02-01,EWJ,46.383015
2020-03-01,EWJ,43.256367
2020-04-01,EWJ,45.332035
2020-05-01,EWJ,48.528755
2020-06-01,EWJ,48.099606
2020-07-01,EWJ,47.960476
2020-08-01,EWJ,51.217873
2020-09-01,EWJ,52.144768
2020-10-01,EWJ,51.412083
2020-11-01,EWJ,56.841068
2020-12-01,EWJ,59.639427
2021-01-01,EWJ,59.368504
2021-02-01,EWJ,60.458569
2021-03-01,EWJ,60.724438
2021-04-01,EWJ,59.749588
2021-05-01,EWJ,60.777611
2021-06-01,EWJ,59.855930
2021-07-01,EWJ,59.913414
2021-08-01,EWJ,61.065075
2021-09-01,EWJ,62.716690
2021-10-01,EWJ,61.065075
2021-11-01,EWJ,59.217056
2021-12-01,EWJ,59.779495
2022-01-01,EWJ,57.960480
2022-02-01,EWJ,56.929344
2022-03-01,EWJ,55.726357
2022-04-01,EWJ,51.212891
2022-05-01,EWJ,52.099304
2022-06-01,EWJ,47.784832
2022-07-01,EWJ,51.281166
2022-08-01,EWJ,48.943142
2022-09-01,EWJ,44.614151
2022-10-01,EWJ,45.655304
2022-11-01,EWJ,50.961514
2022-12-01,EWJ,49.719437
2023-01-01,EWJ,53.703175
2023-02-01,EWJ,51.204288
2023-03-01,EWJ,53.721485
2023-04-01,EWJ,53.858784
2023-05-01,EWJ,54.316456
2023-06-01,EWJ,56.659737
2023-07-01,EWJ,58.450680
2023-08-01,EWJ,56.810150
2023-09-01,EWJ,55.565933
2023-10-01,EWJ,54.340149
2023-11-01,EWJ,57.704147
2023-12-01,EWJ,59.114262
2024-01-01,EWJ,61.878231
2024-02-01,EWJ,64.597839
2024-03-01,EWJ,66.681946
2024-04-01,EWJ,62.868874
2024-05-01,EWJ,64.457649
2024-06-01,EWJ,63.775417
2024-07-01,EWJ,66.817291
2024-08-01,EWJ,67.758774
2024-09-01,EWJ,67.353943
2024-10-01,EWJ,64.086975
2024-11-01,EWJ,65.612190
2024-12-01,EWJ,63.173740
2025-01-01,EWJ,65.317528
2025-02-01,EWJ,65.470520
2025-03-01,EWJ,65.556580
2025-04-01,EWJ,68.300850
2025-05-01,EWJ,70.873016
2025-06-01,EWJ,71.685776
2025-07-01,EWJ,70.964752
2025-08-01,EWJ,75.456680
2025-09-01,EWJ,77.317070
2025-10-01,EWJ,80.440208
2025-11-01,EWJ,80.016083
2025-12-01,EWJ,77.827950
2026-01-01,EWJ,85.720001
2026-02-01,EWJ,92.370003
2026-03-01,EWJ,84.440002
2026-04-01,EWJ,89.099998
2026-05-01,EWJ,92.959999
2026-06-01,EWJ,92.709999
2026-06-12,EWJ,92.709999
2016-07-01,EWS,14.391673
2016-08-01,EWS,13.956759
2016-09-01,EWS,14.312594
2016-10-01,EWS,13.640459
2016-11-01,EWS,13.871095
2016-12-01,EWS,13.133060
2017-01-01,EWS,14.812034
2017-02-01,EWS,15.186245
2017-03-01,EWS,15.519631
2017-04-01,EWS,15.635301
2017-05-01,EWS,16.118376
2017-06-01,EWS,16.070751
2017-07-01,EWS,17.091724
2017-08-01,EWS,17.029821
2017-09-01,EWS,16.802847
2017-10-01,EWS,17.559423
2017-11-01,EWS,18.185318
2017-12-01,EWS,17.834543
2018-01-01,EWS,19.397520
2018-02-01,EWS,18.812490
2018-03-01,EWS,18.798391
2018-04-01,EWS,19.637165
2018-05-01,EWS,18.629227
2018-06-01,EWS,16.909386
2018-07-01,EWS,17.553860
2018-08-01,EWS,17.108179
2018-09-01,EWS,17.446033
2018-10-01,EWS,15.986808
2018-11-01,EWS,16.482801
2018-12-01,EWS,15.886169
2019-01-01,EWS,17.274744
2019-02-01,EWS,17.208755
2019-03-01,EWS,17.399393
2019-04-01,EWS,18.433237
2019-05-01,EWS,16.746824
2019-06-01,EWS,18.110619
2019-07-01,EWS,18.066128
2019-08-01,EWS,17.072004
2019-09-01,EWS,17.341091
2019-10-01,EWS,18.170771
2019-11-01,EWS,17.998857
2019-12-01,EWS,18.043707
2020-01-01,EWS,17.598463
2020-02-01,EWS,16.783504
2020-03-01,EWS,13.339158
2020-04-01,EWS,14.238688
2020-05-01,EWS,14.023415
2020-06-01,EWS,14.430895
2020-07-01,EWS,14.486623
2020-08-01,EWS,14.820991
2020-09-01,EWS,14.556607
2020-10-01,EWS,14.020063
2020-11-01,EWS,16.446163
2020-12-01,EWS,16.702772
2021-01-01,EWS,17.033995
2021-02-01,EWS,17.453119
2021-03-01,EWS,18.520712
2021-04-01,EWS,18.924023
2021-05-01,EWS,19.042643
2021-06-01,EWS,18.378366
2021-07-01,EWS,18.795441
2021-08-01,EWS,18.483383
2021-09-01,EWS,18.219334
2021-10-01,EWS,19.243521
2021-11-01,EWS,17.987293
2021-12-01,EWS,17.115131
2022-01-01,EWS,17.664276
2022-02-01,EWS,17.580521
2022-03-01,EWS,17.454884
2022-04-01,EWS,16.357672
2022-05-01,EWS,15.980765
2022-06-01,EWS,14.808176
2022-07-01,EWS,15.908526
2022-08-01,EWS,15.432629
2022-09-01,EWS,14.540325
2022-10-01,EWS,14.659300
2022-11-01,EWS,16.333433
2022-12-01,EWS,15.985009
2023-01-01,EWS,17.456076
2023-02-01,EWS,16.433794
2023-03-01,EWS,17.052317
2023-04-01,EWS,17.078091
2023-05-01,EWS,16.115944
2023-06-01,EWS,15.901182
2023-07-01,EWS,17.865112
2023-08-01,EWS,16.547050
2023-09-01,EWS,16.342216
2023-10-01,EWS,15.603033
2023-11-01,EWS,16.003796
2023-12-01,EWS,16.653921
2024-01-01,EWS,16.253628
2024-02-01,EWS,16.317835
2024-03-01,EWS,16.840666
2024-04-01,EWS,17.253428
2024-05-01,EWS,17.941362
2024-06-01,EWS,17.611153
2024-07-01,EWS,18.523123
2024-08-01,EWS,19.270397
2024-09-01,EWS,20.690224
2024-10-01,EWS,19.952288
2024-11-01,EWS,21.232000
2024-12-01,EWS,20.409996
2025-01-01,EWS,21.643108
2025-02-01,EWS,22.285309
2025-03-01,EWS,22.774149
2025-04-01,EWS,23.320498
2025-05-01,EWS,24.671995
2025-06-01,EWS,24.902037
2025-07-01,EWS,25.832352
2025-08-01,EWS,27.423086
2025-09-01,EWS,27.657305
2025-10-01,EWS,27.764656
2025-11-01,EWS,27.706100
2025-12-01,EWS,26.847300
2026-01-01,EWS,28.209999
2026-02-01,EWS,28.770000
2026-03-01,EWS,28.219999
2026-04-01,EWS,28.980000
2026-05-01,EWS,29.490000
2026-06-01,EWS,29.150000
2026-06-12,EWS,29.150000
2016-07-01,EWY,46.084637
2016-08-01,EWY,46.655930
2016-09-01,EWY,48.129715
2016-10-01,EWY,45.827965
2016-11-01,EWY,44.097515
2016-12-01,EWY,44.064396
2017-01-01,EWY,48.499237
2017-02-01,EWY,49.069031
2017-03-01,EWY,51.842571
2017-04-01,EWY,52.035290
2017-05-01,EWY,56.744442
2017-06-01,EWY,56.819855
2017-07-01,EWY,58.403542
2017-08-01,EWY,57.372890
2017-09-01,EWY,57.867260
2017-10-01,EWY,62.643459
2017-11-01,EWY,62.970249
2017-12-01,EWY,62.785904
2018-01-01,EWY,67.505280
2018-02-01,EWY,62.199066
2018-03-01,EWY,65.098068
2018-04-01,EWY,65.227493
2018-05-01,EWY,62.242214
2018-06-01,EWY,58.420021
2018-07-01,EWY,58.031761
2018-08-01,EWY,58.083530
2018-09-01,EWY,58.903187
2018-10-01,EWY,50.275215
2018-11-01,EWY,52.302788
2018-12-01,EWY,50.784264
2019-01-01,EWY,56.606121
2019-02-01,EWY,55.075523
2019-03-01,EWY,53.308765
2019-04-01,EWY,53.772316
2019-05-01,EWY,48.603249
2019-06-01,EWY,52.364166
2019-07-01,EWY,48.454567
2019-08-01,EWY,46.582855
2019-09-01,EWY,49.276714
2019-10-01,EWY,51.542011
2019-11-01,EWY,51.139675
2019-12-01,EWY,54.393303
2020-01-01,EWY,51.524044
2020-02-01,EWY,49.119881
2020-03-01,EWY,41.934223
2020-04-01,EWY,46.134789
2020-05-01,EWY,47.868652
2020-06-01,EWY,51.059296
2020-07-01,EWY,53.856701
2020-08-01,EWY,56.368107
2020-09-01,EWY,58.396889
2020-10-01,EWY,58.003651
2020-11-01,EWY,68.299522
2020-12-01,EWY,76.906227
2021-01-01,EWY,79.344803
2021-02-01,EWY,79.227730
2021-03-01,EWY,80.785805
2021-04-01,EWY,81.560333
2021-05-01,EWY,82.884254
2021-06-01,EWY,83.919968
2021-07-01,EWY,79.930206
2021-08-01,EWY,78.074928
2021-09-01,EWY,72.644180
2021-10-01,EWY,71.590462
2021-11-01,EWY,68.204117
2021-12-01,EWY,70.131454
2022-01-01,EWY,66.580589
2022-02-01,EWY,66.598991
2022-03-01,EWY,65.513680
2022-04-01,EWY,61.292038
2022-05-01,EWY,62.579681
2022-06-01,EWY,53.520161
2022-07-01,EWY,55.690769
2022-08-01,EWY,53.262627
2022-09-01,EWY,43.559280
2022-10-01,EWY,47.652164
2022-11-01,EWY,55.828732
2022-12-01,EWY,51.947392
2023-01-01,EWY,59.084019
2023-02-01,EWY,54.457462
2023-03-01,EWY,56.989506
2023-04-01,EWY,56.477505
2023-05-01,EWY,58.441704
2023-06-01,EWY,59.000240
2023-07-01,EWY,62.900696
2023-08-01,EWY,58.134506
2023-09-01,EWY,54.867058
2023-10-01,EWY,51.152782
2023-11-01,EWY,58.683739
2023-12-01,EWY,61.001667
2024-01-01,EWY,56.805286
2024-02-01,EWY,61.237381
2024-03-01,EWY,64.102959
2024-04-01,EWY,60.224876
2024-05-01,EWY,59.393856
2024-06-01,EWY,63.128658
2024-07-01,EWY,63.568050
2024-08-01,EWY,62.565102
2024-09-01,EWY,61.094097
2024-10-01,EWY,57.225571
2024-11-01,EWY,54.856693
2024-12-01,EWY,48.609737
2025-01-01,EWY,52.784443
2025-02-01,EWY,53.469063
2025-03-01,EWY,52.852905
2025-04-01,EWY,54.955673
2025-05-01,EWY,59.298141
2025-06-01,EWY,70.203209
2025-07-01,EWY,71.210579
2025-08-01,EWY,70.653099
2025-09-01,EWY,78.340439
2025-10-01,EWY,94.869202
2025-11-01,EWY,88.873863
2025-12-01,EWY,95.084373
2026-01-01,EWY,122.410004
2026-02-01,EWY,151.369995
2026-03-01,EWY,123.010002
2026-04-01,EWY,160.759995
2026-05-01,EWY,205.830002
2026-06-01,EWY,197.449997
2026-06-12,EWY,197.449997
2016-07-01,GLD,128.979996
2016-08-01,GLD,124.779999
2016-09-01,GLD,125.639999
2016-10-01,GLD,121.940002
2016-11-01,GLD,111.750000
2016-12-01,GLD,109.610001
2017-01-01,GLD,115.550003
2017-02-01,GLD,119.230003
2017-03-01,GLD,118.720001
2017-04-01,GLD,120.769997
2017-05-01,GLD,120.620003
2017-06-01,GLD,118.019997
2017-07-01,GLD,120.750000
2017-08-01,GLD,125.820000
2017-09-01,GLD,121.580002
2017-10-01,GLD,120.669998
2017-11-01,GLD,121.099998
2017-12-01,GLD,123.650002
2018-01-01,GLD,127.650002
2018-02-01,GLD,125.000000
2018-03-01,GLD,125.790001
2018-04-01,GLD,124.589996
2018-05-01,GLD,123.099998
2018-06-01,GLD,118.650002
2018-07-01,GLD,115.989998
2018-08-01,GLD,113.510002
2018-09-01,GLD,112.760002
2018-10-01,GLD,115.150002
2018-11-01,GLD,115.540001
2018-12-01,GLD,121.250000
2019-01-01,GLD,124.750000
2019-02-01,GLD,123.989998
2019-03-01,GLD,122.010002
2019-04-01,GLD,121.199997
2019-05-01,GLD,123.330002
2019-06-01,GLD,133.199997
2019-07-01,GLD,133.210007
2019-08-01,GLD,143.750000
2019-09-01,GLD,138.869995
2019-10-01,GLD,142.429993
2019-11-01,GLD,137.860001
2019-12-01,GLD,142.899994
2020-01-01,GLD,149.330002
2020-02-01,GLD,148.380005
2020-03-01,GLD,148.050003
2020-04-01,GLD,158.800003
2020-05-01,GLD,162.910004
2020-06-01,GLD,167.369995
2020-07-01,GLD,185.429993
2020-08-01,GLD,184.830002
2020-09-01,GLD,177.119995
2020-10-01,GLD,176.199997
2020-11-01,GLD,166.669998
2020-12-01,GLD,178.360001
2021-01-01,GLD,172.610001
2021-02-01,GLD,161.809998
2021-03-01,GLD,159.960007
2021-04-01,GLD,165.660004
2021-05-01,GLD,178.380005
2021-06-01,GLD,165.630005
2021-07-01,GLD,169.820007
2021-08-01,GLD,169.690002
2021-09-01,GLD,164.220001
2021-10-01,GLD,166.649994
2021-11-01,GLD,165.500000
2021-12-01,GLD,170.960007
2022-01-01,GLD,168.089996
2022-02-01,GLD,178.380005
2022-03-01,GLD,180.649994
2022-04-01,GLD,176.910004
2022-05-01,GLD,171.139999
2022-06-01,GLD,168.460007
2022-07-01,GLD,164.100006
2022-08-01,GLD,159.270004
2022-09-01,GLD,154.669998
2022-10-01,GLD,151.910004
2022-11-01,GLD,164.809998
2022-12-01,GLD,169.639999
2023-01-01,GLD,179.410004
2023-02-01,GLD,169.779999
2023-03-01,GLD,183.220001
2023-04-01,GLD,184.800003
2023-05-01,GLD,182.320007
2023-06-01,GLD,178.270004
2023-07-01,GLD,182.350006
2023-08-01,GLD,180.020004
2023-09-01,GLD,171.449997
2023-10-01,GLD,184.089996
2023-11-01,GLD,188.750000
2023-12-01,GLD,191.169998
2024-01-01,GLD,188.449997
2024-02-01,GLD,189.309998
2024-03-01,GLD,205.720001
2024-04-01,GLD,211.869995
2024-05-01,GLD,215.300003
2024-06-01,GLD,215.009995
2024-07-01,GLD,226.550003
2024-08-01,GLD,231.289993
2024-09-01,GLD,243.059998
2024-10-01,GLD,253.509995
2024-11-01,GLD,245.589996
2024-12-01,GLD,242.130005
2025-01-01,GLD,258.559998
2025-02-01,GLD,263.269989
2025-03-01,GLD,288.140015
2025-04-01,GLD,303.769989
2025-05-01,GLD,303.600006
2025-06-01,GLD,304.829987
2025-07-01,GLD,302.959991
2025-08-01,GLD,318.070007
2025-09-01,GLD,355.470001
2025-10-01,GLD,368.119995
2025-11-01,GLD,387.880005
2025-12-01,GLD,396.309998
2026-01-01,GLD,444.950012
2026-02-01,GLD,483.750000
2026-03-01,GLD,430.290009
2026-04-01,GLD,423.660004
2026-05-01,GLD,417.119995
2026-06-01,GLD,386.540009
2026-06-12,GLD,386.540009
2016-07-01,GOOGL,39.219242
2016-08-01,GOOGL,39.145390
2016-09-01,GOOGL,39.849644
2016-10-01,GOOGL,40.139080
2016-11-01,GOOGL,38.453033
2016-12-01,GOOGL,39.274246
2017-01-01,GOOGL,40.649052
2017-02-01,GOOGL,41.875183
2017-03-01,GOOGL,42.017422
2017-04-01,GOOGL,45.819706
2017-05-01,GOOGL,48.920708
2017-06-01,GOOGL,46.075443
2017-07-01,GOOGL,46.859489
2017-08-01,GOOGL,47.342209
2017-09-01,GOOGL,48.258083
2017-10-01,GOOGL,51.198013
2017-11-01,GOOGL,51.353138
2017-12-01,GOOGL,52.207069
2018-01-01,GOOGL,58.591454
2018-02-01,GOOGL,54.710861
2018-03-01,GOOGL,51.401207
2018-04-01,GOOGL,50.481369
2018-05-01,GOOGL,54.516590
2018-06-01,GOOGL,55.963257
2018-07-01,GOOGL,60.821678
2018-08-01,GOOGL,61.048664
2018-09-01,GOOGL,59.823532
2018-10-01,GOOGL,54.049728
2018-11-01,GOOGL,54.994843
2018-12-01,GOOGL,51.788776
2019-01-01,GOOGL,55.799713
2019-02-01,GOOGL,55.832424
2019-03-01,GOOGL,58.327301
2019-04-01,GOOGL,59.421104
2019-05-01,GOOGL,54.838734
2019-06-01,GOOGL,53.664146
2019-07-01,GOOGL,60.374641
2019-08-01,GOOGL,59.003307
2019-09-01,GOOGL,60.520348
2019-10-01,GOOGL,62.386803
2019-11-01,GOOGL,64.631409
2019-12-01,GOOGL,66.380882
2020-01-01,GOOGL,71.009361
2020-02-01,GOOGL,66.373947
2020-03-01,GOOGL,57.586864
2020-04-01,GOOGL,66.743172
2020-05-01,GOOGL,71.046021
2020-06-01,GOOGL,70.279312
2020-07-01,GOOGL,73.743599
2020-08-01,GOOGL,80.760384
2020-09-01,GOOGL,72.635933
2020-10-01,GOOGL,80.095268
2020-11-01,GOOGL,86.948997
2020-12-01,GOOGL,86.861786
2021-01-01,GOOGL,90.564941
2021-02-01,GOOGL,100.206932
2021-03-01,GOOGL,102.219597
2021-04-01,GOOGL,116.640724
2021-05-01,GOOGL,116.806747
2021-06-01,GOOGL,121.016418
2021-07-01,GOOGL,133.542374
2021-08-01,GOOGL,143.425690
2021-09-01,GOOGL,132.501083
2021-10-01,GOOGL,146.744781
2021-11-01,GOOGL,140.650330
2021-12-01,GOOGL,143.578842
2022-01-01,GOOGL,134.114288
2022-02-01,GOOGL,133.869949
2022-03-01,GOOGL,137.845184
2022-04-01,GOOGL,113.106552
2022-05-01,GOOGL,112.762108
2022-06-01,GOOGL,108.005287
2022-07-01,GOOGL,115.297630
2022-08-01,GOOGL,107.268829
2022-09-01,GOOGL,94.809311
2022-10-01,GOOGL,93.679337
2022-11-01,GOOGL,100.102364
2022-12-01,GOOGL,87.454529
2023-01-01,GOOGL,97.971268
2023-02-01,GOOGL,89.268440
2023-03-01,GOOGL,102.818291
2023-04-01,GOOGL,106.396561
2023-05-01,GOOGL,121.790062
2023-06-01,GOOGL,118.647926
2023-07-01,GOOGL,131.553513
2023-08-01,GOOGL,134.973160
2023-09-01,GOOGL,129.709839
2023-10-01,GOOGL,122.989426
2023-11-01,GOOGL,131.365158
2023-12-01,GOOGL,138.462234
2024-01-01,GOOGL,138.868637
2024-02-01,GOOGL,137.243042
2024-03-01,GOOGL,149.603424
2024-04-01,GOOGL,161.349304
2024-05-01,GOOGL,170.983841
2024-06-01,GOOGL,180.549042
2024-07-01,GOOGL,170.227432
2024-08-01,GOOGL,162.129898
2024-09-01,GOOGL,164.580978
2024-10-01,GOOGL,170.026047
2024-11-01,GOOGL,167.879700
2024-12-01,GOOGL,188.100800
2025-01-01,GOOGL,202.959900
2025-02-01,GOOGL,169.395187
2025-03-01,GOOGL,153.836502
2025-04-01,GOOGL,158.156799
2025-05-01,GOOGL,171.044403
2025-06-01,GOOGL,175.516205
2025-07-01,GOOGL,191.354111
2025-08-01,GOOGL,212.304352
2025-09-01,GOOGL,242.408478
2025-10-01,GOOGL,280.640900
2025-11-01,GOOGL,319.554749
2025-12-01,GOOGL,312.388794
2026-01-01,GOOGL,337.560608
2026-02-01,GOOGL,311.354736
2026-03-01,GOOGL,287.186188
2026-04-01,GOOGL,384.570282
2026-05-01,GOOGL,380.112946
2026-06-01,GOOGL,359.465271
2026-06-12,GOOGL,359.679993
2016-07-01,HYG,50.328663
2016-08-01,HYG,51.329384
2016-09-01,HYG,51.893616
2016-10-01,HYG,51.376053
2016-11-01,HYG,51.382347
2016-12-01,HYG,52.156269
2017-01-01,HYG,53.042839
2017-02-01,HYG,53.619808
2017-03-01,HYG,53.544262
2017-04-01,HYG,53.986431
2017-05-01,HYG,54.542904
2017-06-01,HYG,54.615372
2017-07-01,HYG,55.171299
2017-08-01,HYG,55.214455
2017-09-01,HYG,55.544048
2017-10-01,HYG,55.594723
2017-11-01,HYG,55.388920
2017-12-01,HYG,55.289532
2018-01-01,HYG,55.781231
2018-02-01,HYG,55.065575
2018-03-01,HYG,54.950939
2018-04-01,HYG,55.207905
2018-05-01,HYG,55.226788
2018-06-01,HYG,55.266834
2018-07-01,HYG,56.195145
2018-08-01,HYG,56.605232
2018-09-01,HYG,56.900146
2018-10-01,HYG,55.763931
2018-11-01,HYG,55.517963
2018-12-01,HYG,54.124016
2019-01-01,HYG,57.328136
2019-02-01,HYG,57.759201
2019-03-01,HYG,58.511600
2019-04-01,HYG,59.092899
2019-05-01,HYG,57.960358
2019-06-01,HYG,59.768494
2019-07-01,HYG,59.869301
2019-08-01,HYG,60.294678
2019-09-01,HYG,60.557251
2019-10-01,HYG,60.564957
2019-11-01,HYG,60.900162
2019-12-01,HYG,61.857861
2020-01-01,HYG,62.032749
2020-02-01,HYG,60.976746
2020-03-01,HYG,54.849064
2020-04-01,HYG,57.494274
2020-05-01,HYG,59.212574
2020-06-01,HYG,58.908085
2020-07-01,HYG,61.869968
2020-08-01,HYG,61.869137
2020-09-01,HYG,61.291698
2020-10-01,HYG,61.523830
2020-11-01,HYG,63.584042
2020-12-01,HYG,64.582352
2021-01-01,HYG,64.861519
2021-02-01,HYG,64.466240
2021-03-01,HYG,65.256737
2021-04-01,HYG,65.684654
2021-05-01,HYG,65.710930
2021-06-01,HYG,66.583061
2021-07-01,HYG,66.654251
2021-08-01,HYG,67.066399
2021-09-01,HYG,66.824875
2021-10-01,HYG,66.605087
2021-11-01,HYG,65.834167
2021-12-01,HYG,67.101166
2022-01-01,HYG,65.759712
2022-02-01,HYG,64.960045
2022-03-01,HYG,64.119514
2022-04-01,HYG,61.415100
2022-05-01,HYG,62.427090
2022-06-01,HYG,58.027378
2022-07-01,HYG,61.876751
2022-08-01,HYG,59.245159
2022-09-01,HYG,56.970619
2022-10-01,HYG,58.887756
2022-11-01,HYG,60.975937
2022-12-01,HYG,59.567047
2023-01-01,HYG,62.339012
2023-02-01,HYG,60.868969
2023-03-01,HYG,62.000900
2023-04-01,HYG,62.220676
2023-05-01,HYG,61.466862
2023-06-01,HYG,62.533596
2023-07-01,HYG,63.192783
2023-08-01,HYG,63.348736
2023-09-01,HYG,62.331520
2023-10-01,HYG,61.646606
2023-11-01,HYG,64.651627
2023-12-01,HYG,66.441475
2024-01-01,HYG,67.152267
2024-02-01,HYG,67.022270
2024-03-01,HYG,67.704498
2024-04-01,HYG,66.828743
2024-05-01,HYG,67.909683
2024-06-01,HYG,68.276466
2024-07-01,HYG,69.839767
2024-08-01,HYG,70.923500
2024-09-01,HYG,72.157440
2024-10-01,HYG,71.457306
2024-11-01,HYG,72.622643
2024-12-01,HYG,71.719437
2025-01-01,HYG,73.402649
2025-02-01,HYG,73.780151
2025-03-01,HYG,72.967934
2025-04-01,HYG,73.040611
2025-05-01,HYG,74.301804
2025-06-01,HYG,75.696472
2025-07-01,HYG,75.801247
2025-08-01,HYG,76.613937
2025-09-01,HYG,77.315193
2025-10-01,HYG,77.310005
2025-11-01,HYG,77.857147
2025-12-01,HYG,77.906387
2026-01-01,HYG,79.117607
2026-02-01,HYG,78.727470
2026-03-01,HYG,77.979660
2026-04-01,HYG,79.169807
2026-05-01,HYG,79.484497
2026-06-01,HYG,79.532890
2026-06-12,HYG,79.940002
2016-07-01,IGIB,39.805672
2016-08-01,IGIB,39.754379
2016-09-01,IGIB,39.786606
2016-10-01,IGIB,39.621490
2016-11-01,IGIB,38.824993
2016-12-01,IGIB,38.887955
2017-01-01,IGIB,39.222481
2017-02-01,IGIB,39.395706
2017-03-01,IGIB,39.401485
2017-04-01,IGIB,39.717686
2017-05-01,IGIB,39.953129
2017-06-01,IGIB,39.949802
2017-07-01,IGIB,40.207081
2017-08-01,IGIB,40.434757
2017-09-01,IGIB,40.340584
2017-10-01,IGIB,40.337616
2017-11-01,IGIB,40.258381
2017-12-01,IGIB,40.247700
2018-01-01,IGIB,40.094952
2018-02-01,IGIB,39.695370
2018-03-01,IGIB,39.766064
2018-04-01,IGIB,39.531898
2018-05-01,IGIB,39.717033
2018-06-01,IGIB,39.661591
2018-07-01,IGIB,39.928482
2018-08-01,IGIB,40.101128
2018-09-01,IGIB,39.955341
2018-10-01,IGIB,39.525135
2018-11-01,IGIB,39.490726
2018-12-01,IGIB,39.835136
2019-01-01,IGIB,41.286671
2019-02-01,IGIB,41.294327
2019-03-01,IGIB,42.344116
2019-04-01,IGIB,42.539608
2019-05-01,IGIB,43.106258
2019-06-01,IGIB,44.146332
2019-07-01,IGIB,44.324944
2019-08-01,IGIB,45.463821
2019-09-01,IGIB,45.308750
2019-10-01,IGIB,45.610741
2019-11-01,IGIB,45.650578
2019-12-01,IGIB,45.737888
2020-01-01,IGIB,46.987350
2020-02-01,IGIB,47.407646
2020-03-01,IGIB,43.671429
2020-04-01,IGIB,46.171833
2020-05-01,IGIB,47.361397
2020-06-01,IGIB,48.413872
2020-07-01,IGIB,49.344509
2020-08-01,IGIB,49.272263
2020-09-01,IGIB,49.090240
2020-10-01,IGIB,48.989357
2020-11-01,IGIB,50.038799
2020-12-01,IGIB,50.208321
2021-01-01,IGIB,50.005459
2021-02-01,IGIB,49.132465
2021-03-01,IGIB,48.417957
2021-04-01,IGIB,48.922550
2021-05-01,IGIB,49.204807
2021-06-01,IGIB,49.756828
2021-07-01,IGIB,50.329365
2021-08-01,IGIB,50.199871
2021-09-01,IGIB,49.656265
2021-10-01,IGIB,49.456322
2021-11-01,IGIB,49.341263
2021-12-01,IGIB,49.275185
2022-01-01,IGIB,48.361450
2022-02-01,IGIB,47.533424
2022-03-01,IGIB,45.982315
2022-04-01,IGIB,43.782333
2022-05-01,IGIB,44.320267
2022-06-01,IGIB,43.066261
2022-07-01,IGIB,44.649914
2022-08-01,IGIB,43.107918
2022-09-01,IGIB,41.012501
2022-10-01,IGIB,40.784637
2022-11-01,IGIB,42.715405
2022-12-01,IGIB,42.399399
2023-01-01,IGIB,44.500141
2023-02-01,IGIB,42.941586
2023-03-01,IGIB,44.281647
2023-04-01,IGIB,44.609379
2023-05-01,IGIB,44.041752
2023-06-01,IGIB,44.074409
2023-07-01,IGIB,44.244572
2023-08-01,IGIB,43.950771
2023-09-01,IGIB,42.820919
2023-10-01,IGIB,42.112953
2023-11-01,IGIB,44.571651
2023-12-01,IGIB,46.243866
2024-01-01,IGIB,46.564571
2024-02-01,IGIB,45.785519
2024-03-01,IGIB,46.365108
2024-04-01,IGIB,45.299023
2024-05-01,IGIB,46.232975
2024-06-01,IGIB,46.557323
2024-07-01,IGIB,47.779503
2024-08-01,IGIB,48.552986
2024-09-01,IGIB,49.338619
2024-10-01,IGIB,48.153572
2024-11-01,IGIB,48.782299
2024-12-01,IGIB,47.831280
2025-01-01,IGIB,48.528446
2025-02-01,IGIB,49.304974
2025-03-01,IGIB,49.324852
2025-04-01,IGIB,49.482586
2025-05-01,IGIB,49.690678
2025-06-01,IGIB,50.623608
2025-07-01,IGIB,50.685593
2025-08-01,IGIB,51.360966
2025-09-01,IGIB,51.985634
2025-10-01,IGIB,52.168667
2025-11-01,IGIB,52.684875
2025-12-01,IGIB,52.395336
2026-01-01,IGIB,52.936619
2026-02-01,IGIB,53.426682
2026-03-01,IGIB,52.364956
2026-04-01,IGIB,52.640491
2026-05-01,IGIB,52.887756
2026-06-01,IGIB,52.815174
2026-06-12,IGIB,53.029999
2016-07-01,INDA,26.492788
2016-08-01,INDA,26.501755
2016-09-01,INDA,26.367271
2016-10-01,INDA,26.035549
2016-11-01,INDA,24.143848
2016-12-01,INDA,24.036263
2017-01-01,INDA,25.496704
2017-02-01,INDA,26.674440
2017-03-01,INDA,28.310688
2017-04-01,INDA,28.841122
2017-05-01,INDA,29.263668
2017-06-01,INDA,28.859102
2017-07-01,INDA,31.009178
2017-08-01,INDA,30.783554
2017-09-01,INDA,29.646429
2017-10-01,INDA,31.803362
2017-11-01,INDA,31.388214
2017-12-01,INDA,32.552418
2018-01-01,INDA,33.871899
2018-02-01,INDA,31.207613
2018-03-01,INDA,31.034845
2018-04-01,INDA,31.780479
2018-05-01,INDA,30.598373
2018-06-01,INDA,30.271023
2018-07-01,INDA,32.443340
2018-08-01,INDA,32.488861
2018-09-01,INDA,29.565960
2018-10-01,INDA,27.489878
2018-11-01,INDA,30.367254
2018-12-01,INDA,30.358149
2019-01-01,INDA,30.115604
2019-02-01,INDA,30.014608
2019-03-01,INDA,32.365093
2019-04-01,INDA,32.603809
2019-05-01,INDA,33.035347
2019-06-01,INDA,32.410995
2019-07-01,INDA,30.575056
2019-08-01,INDA,29.815311
2019-09-01,INDA,31.103165
2019-10-01,INDA,32.103802
2019-11-01,INDA,31.927769
2019-12-01,INDA,32.567066
2020-01-01,INDA,31.985550
2020-02-01,INDA,29.852556
2020-03-01,INDA,22.359282
2020-04-01,INDA,25.085794
2020-05-01,INDA,25.493843
2020-06-01,INDA,26.912748
2020-07-01,INDA,29.700644
2020-08-01,INDA,31.030388
2020-09-01,INDA,31.486032
2020-10-01,INDA,31.234961
2020-11-01,INDA,33.922340
2020-12-01,INDA,37.400124
2021-01-01,INDA,36.426098
2021-02-01,INDA,38.185043
2021-03-01,INDA,39.255310
2021-04-01,INDA,38.175743
2021-05-01,INDA,41.209698
2021-06-01,INDA,41.181778
2021-07-01,INDA,41.630005
2021-08-01,INDA,45.272274
2021-09-01,INDA,45.356113
2021-10-01,INDA,45.495846
2021-11-01,INDA,44.266228
2021-12-01,INDA,42.701260
2022-01-01,INDA,45.454319
2022-02-01,INDA,43.353531
2022-03-01,INDA,44.166100
2022-04-01,INDA,43.244526
2022-05-01,INDA,41.054554
2022-06-01,INDA,39.013222
2022-07-01,INDA,42.293228
2022-08-01,INDA,42.630146
2022-09-01,INDA,40.410442
2022-10-01,INDA,41.817577
2022-11-01,INDA,43.839092
2022-12-01,INDA,41.361744
2023-01-01,INDA,40.618546
2023-02-01,INDA,38.448387
2023-03-01,INDA,39.003315
2023-04-01,INDA,40.747364
2023-05-01,INDA,41.322109
2023-06-01,INDA,43.303986
2023-07-01,INDA,44.438499
2023-08-01,INDA,43.654179
2023-09-01,INDA,43.902382
2023-10-01,INDA,42.929420
2023-11-01,INDA,45.689453
2023-12-01,INDA,48.459412
2024-01-01,INDA,49.531654
2024-02-01,INDA,50.792534
2024-03-01,INDA,51.219444
2024-04-01,INDA,51.973984
2024-05-01,INDA,52.629242
2024-06-01,INDA,55.379345
2024-07-01,INDA,57.007568
2024-08-01,INDA,57.305416
2024-09-01,INDA,58.109592
2024-10-01,INDA,54.426243
2024-11-01,INDA,54.386528
2024-12-01,INDA,52.261902
2025-01-01,INDA,50.990002
2025-02-01,INDA,48.099998
2025-03-01,INDA,51.480000
2025-04-01,INDA,53.570000
2025-05-01,INDA,54.310001
2025-06-01,INDA,55.680000
2025-07-01,INDA,52.639999
2025-08-01,INDA,51.980000
2025-09-01,INDA,52.060001
2025-10-01,INDA,53.970001
2025-11-01,INDA,54.709999
2025-12-01,INDA,54.049999
2026-01-01,INDA,51.740002
2026-02-01,INDA,52.270000
2026-03-01,INDA,46.840000
2026-04-01,INDA,49.419998
2026-05-01,INDA,48.560001
2026-06-01,INDA,48.330002
2026-06-12,INDA,48.330002
2016-07-01,JD,18.969057
2016-08-01,JD,22.263453
2016-09-01,JD,22.859245
2016-10-01,JD,22.736580
2016-11-01,JD,23.542658
2016-12-01,JD,22.289736
2017-01-01,JD,24.883194
2017-02-01,JD,26.784481
2017-03-01,JD,27.257614
2017-04-01,JD,30.727240
2017-05-01,JD,35.073040
2017-06-01,JD,34.363342
2017-07-01,JD,39.576546
2017-08-01,JD,36.720234
2017-09-01,JD,33.469650
2017-10-01,JD,32.873856
2017-11-01,JD,32.812519
2017-12-01,JD,36.290909
2018-01-01,JD,43.133797
2018-02-01,JD,41.311363
2018-03-01,JD,35.476078
2018-04-01,JD,31.988924
2018-05-01,JD,30.823620
2018-06-01,JD,34.126774
2018-07-01,JD,31.419413
2018-08-01,JD,27.424084
2018-09-01,JD,22.859245
2018-10-01,JD,20.607491
2018-11-01,JD,18.601065
2018-12-01,JD,18.338215
2019-01-01,JD,21.772797
2019-02-01,JD,24.278639
2019-03-01,JD,26.416489
2019-04-01,JD,26.521633
2019-05-01,JD,22.570108
2019-06-01,JD,26.539158
2019-07-01,JD,26.206209
2019-08-01,JD,26.723150
2019-09-01,JD,24.716722
2019-10-01,JD,27.292658
2019-11-01,JD,28.606913
2019-12-01,JD,30.867426
2020-01-01,JD,33.022800
2020-02-01,JD,33.741264
2020-03-01,JD,35.484837
2020-04-01,JD,37.762878
2020-05-01,JD,47.602253
2020-06-01,JD,52.727837
2020-07-01,JD,55.890812
2020-08-01,JD,68.901924
2020-09-01,JD,67.999466
2020-10-01,JD,71.425278
2020-11-01,JD,74.780998
2020-12-01,JD,77.015236
2021-01-01,JD,77.707420
2021-02-01,JD,82.245972
2021-03-01,JD,73.887321
2021-04-01,JD,67.780418
2021-05-01,JD,64.783920
2021-06-01,JD,69.927040
2021-07-01,JD,62.102848
2021-08-01,JD,68.831825
2021-09-01,JD,63.294441
2021-10-01,JD,68.586502
2021-11-01,JD,73.694557
2021-12-01,JD,61.393147
2022-01-01,JD,65.607529
2022-02-01,JD,62.759968
2022-03-01,JD,50.703888
2022-04-01,JD,54.024567
2022-05-01,JD,49.170593
2022-06-01,JD,57.687214
2022-07-01,JD,53.447353
2022-08-01,JD,57.031467
2022-09-01,JD,45.183224
2022-10-01,JD,33.496666
2022-11-01,JD,51.363358
2022-12-01,JD,50.420170
2023-01-01,JD,53.474300
2023-02-01,JD,39.919331
2023-03-01,JD,39.425278
2023-04-01,JD,32.086380
2023-05-01,JD,29.724222
2023-06-01,JD,31.119257
2023-07-01,JD,37.665882
2023-08-01,JD,30.280415
2023-09-01,JD,26.560326
2023-10-01,JD,23.177601
2023-11-01,JD,25.010290
2023-12-01,JD,26.341499
2024-01-01,JD,20.560776
2024-02-01,JD,20.624601
2024-03-01,JD,24.973818
2024-04-01,JD,26.341499
2024-05-01,JD,27.781355
2024-06-01,JD,24.235994
2024-07-01,JD,24.751854
2024-08-01,JD,25.323988
2024-09-01,JD,37.517017
2024-10-01,JD,38.098534
2024-11-01,JD,35.059658
2024-12-01,JD,32.517876
2025-01-01,JD,38.192326
2025-02-01,JD,39.299080
2025-03-01,JD,38.567497
2025-04-01,JD,30.595127
2025-05-01,JD,31.294336
2025-06-01,JD,31.516418
2025-07-01,JD,30.406006
2025-08-01,JD,30.000463
2025-09-01,JD,33.775867
2025-10-01,JD,31.902651
2025-11-01,JD,28.803150
2025-12-01,JD,27.712049
2026-01-01,JD,27.499620
2026-02-01,JD,25.616747
2026-03-01,JD,28.552099
2026-04-01,JD,29.276281
2026-05-01,JD,28.830000
2026-06-01,JD,28.559999
2026-06-12,JD,28.559999
2016-07-01,LQD,87.272453
2016-08-01,LQD,87.437828
2016-09-01,LQD,87.163818
2016-10-01,LQD,85.828751
2016-11-01,LQD,83.108879
2016-12-01,LQD,83.570374
2017-01-01,LQD,84.149086
2017-02-01,LQD,85.031113
2017-03-01,LQD,84.778984
2017-04-01,LQD,85.787697
2017-05-01,LQD,86.930588
2017-06-01,LQD,87.354950
2017-07-01,LQD,88.021126
2017-08-01,LQD,88.619873
2017-09-01,LQD,88.575508
2017-10-01,LQD,88.743301
2017-11-01,LQD,88.635139
2017-12-01,LQD,89.526031
2018-01-01,LQD,88.852669
2018-02-01,LQD,86.632614
2018-03-01,LQD,87.102295
2018-04-01,LQD,85.733841
2018-05-01,LQD,86.182159
2018-06-01,LQD,85.740440
2018-07-01,LQD,86.901131
2018-08-01,LQD,86.922623
2018-09-01,LQD,86.795837
2018-10-01,LQD,85.013062
2018-11-01,LQD,84.689171
2018-12-01,LQD,86.005287
2019-01-01,LQD,89.463631
2019-02-01,LQD,89.011002
2019-03-01,LQD,91.612762
2019-04-01,LQD,92.019775
2019-05-01,LQD,93.543739
2019-06-01,LQD,96.569427
2019-07-01,LQD,96.835693
2019-08-01,LQD,100.604408
2019-09-01,LQD,99.852814
2019-10-01,LQD,100.304756
2019-11-01,LQD,100.774605
2019-12-01,LQD,101.039650
2020-01-01,LQD,104.065155
2020-02-01,LQD,104.930435
2020-03-01,LQD,98.300507
2020-04-01,LQD,103.077393
2020-05-01,LQD,105.616806
2020-06-01,LQD,107.868027
2020-07-01,LQD,111.227020
2020-08-01,LQD,109.267952
2020-09-01,LQD,108.782768
2020-10-01,LQD,108.226837
2020-11-01,LQD,112.316124
2020-12-01,LQD,112.269814
2021-01-01,LQD,110.659187
2021-02-01,LQD,107.941658
2021-03-01,LQD,106.339394
2021-04-01,LQD,107.457336
2021-05-01,LQD,108.127388
2021-06-01,LQD,110.517807
2021-07-01,LQD,112.093697
2021-08-01,LQD,111.718918
2021-09-01,LQD,110.041168
2021-10-01,LQD,110.604691
2021-11-01,LQD,110.468391
2021-12-01,LQD,110.236443
2022-01-01,LQD,106.673485
2022-02-01,LQD,104.202042
2022-03-01,LQD,101.170792
2022-04-01,LQD,94.387657
2022-05-01,LQD,96.132774
2022-06-01,LQD,92.637192
2022-07-01,LQD,96.724831
2022-08-01,LQD,92.467735
2022-09-01,LQD,86.905716
2022-10-01,LQD,86.212463
2022-11-01,LQD,91.969429
2022-12-01,LQD,90.254211
2023-01-01,LQD,95.503983
2023-02-01,LQD,91.240021
2023-03-01,LQD,94.710762
2023-04-01,LQD,95.322052
2023-05-01,LQD,93.609375
2023-06-01,LQD,94.381050
2023-07-01,LQD,94.434204
2023-08-01,LQD,93.254517
2023-09-01,LQD,89.925484
2023-10-01,LQD,87.724892
2023-11-01,LQD,94.392342
2023-12-01,LQD,98.635231
2024-01-01,LQD,98.918961
2024-02-01,LQD,96.665306
2024-03-01,LQD,98.143173
2024-04-01,LQD,94.948616
2024-05-01,LQD,97.033028
2024-06-01,LQD,97.627716
2024-07-01,LQD,100.231262
2024-08-01,LQD,102.099152
2024-09-01,LQD,104.096611
2024-10-01,LQD,100.787361
2024-11-01,LQD,102.603218
2024-12-01,LQD,99.511414
2025-01-01,LQD,100.793289
2025-02-01,LQD,102.809914
2025-03-01,LQD,102.317383
2025-04-01,LQD,102.035324
2025-05-01,LQD,102.229088
2025-06-01,LQD,104.392136
2025-07-01,LQD,104.299187
2025-08-01,LQD,105.345123
2025-09-01,LQD,107.384323
2025-10-01,LQD,107.529190
2025-11-01,LQD,108.533531
2025-12-01,LQD,107.300995
2026-01-01,LQD,108.496788
2026-02-01,LQD,109.585960
2026-03-01,LQD,107.342491
2026-04-01,LQD,107.573517
2026-05-01,LQD,108.521622
2026-06-01,LQD,108.598328
2026-06-12,LQD,109.010002
2016-07-01,MSFT,50.112404
2016-08-01,MSFT,50.802017
2016-09-01,MSFT,51.243195
2016-10-01,MSFT,53.307167
2016-11-01,MSFT,53.609634
2016-12-01,MSFT,55.655621
2017-01-01,MSFT,57.903713
2017-02-01,MSFT,57.303623
2017-03-01,MSFT,59.345051
2017-04-01,MSFT,61.687859
2017-05-01,MSFT,62.931362
2017-06-01,MSFT,62.467381
2017-07-01,MSFT,65.883904
2017-08-01,MSFT,67.759834
2017-09-01,MSFT,67.865738
2017-10-01,MSFT,75.782944
2017-11-01,MSFT,76.684914
2017-12-01,MSFT,78.324501
2018-01-01,MSFT,86.995705
2018-02-01,MSFT,85.860260
2018-03-01,MSFT,83.963707
2018-04-01,MSFT,86.033623
2018-05-01,MSFT,90.927719
2018-06-01,MSFT,91.109337
2018-07-01,MSFT,98.011154
2018-08-01,MSFT,103.785736
2018-09-01,MSFT,106.077240
2018-10-01,MSFT,99.065399
2018-11-01,MSFT,102.849556
2018-12-01,MSFT,94.612312
2019-01-01,MSFT,97.276382
2019-02-01,MSFT,104.355782
2019-03-01,MSFT,110.330124
2019-04-01,MSFT,122.173248
2019-05-01,MSFT,115.699760
2019-06-01,MSFT,125.780350
2019-07-01,MSFT,127.949356
2019-08-01,MSFT,129.442184
2019-09-01,MSFT,130.975449
2019-10-01,MSFT,135.064011
2019-11-01,MSFT,142.610016
2019-12-01,MSFT,149.069351
2020-01-01,MSFT,160.913605
2020-02-01,MSFT,153.143478
2020-03-01,MSFT,149.485992
2020-04-01,MSFT,169.864883
2020-05-01,MSFT,173.694199
2020-06-01,MSFT,193.434952
2020-07-01,MSFT,194.860672
2020-08-01,MSFT,214.364807
2020-09-01,MSFT,200.400558
2020-10-01,MSFT,192.911621
2020-11-01,MSFT,203.964005
2020-12-01,MSFT,212.474640
2021-01-01,MSFT,221.588043
2021-02-01,MSFT,221.989288
2021-03-01,MSFT,225.746399
2021-04-01,MSFT,241.458740
2021-05-01,MSFT,239.065048
2021-06-01,MSFT,259.981812
2021-07-01,MSFT,273.427124
2021-08-01,MSFT,289.713196
2021-09-01,MSFT,271.075623
2021-10-01,MSFT,318.863831
2021-11-01,MSFT,317.873474
2021-12-01,MSFT,323.974731
2022-01-01,MSFT,299.564941
2022-02-01,MSFT,287.822296
2022-03-01,MSFT,297.607025
2022-04-01,MSFT,267.885834
2022-05-01,MSFT,262.432068
2022-06-01,MSFT,248.491516
2022-07-01,MSFT,271.625275
2022-08-01,MSFT,252.980942
2022-09-01,MSFT,225.816757
2022-10-01,MSFT,225.070190
2022-11-01,MSFT,247.380386
2022-12-01,MSFT,233.181641
2023-01-01,MSFT,240.950455
2023-02-01,MSFT,242.515900
2023-03-01,MSFT,281.021759
2023-04-01,MSFT,299.503143
2023-05-01,MSFT,320.099731
2023-06-01,MSFT,332.668640
2023-07-01,MSFT,328.155457
2023-08-01,MSFT,320.183990
2023-09-01,MSFT,309.104675
2023-10-01,MSFT,330.994049
2023-11-01,MSFT,370.935425
2023-12-01,MSFT,368.872986
2024-01-01,MSFT,390.002411
2024-02-01,MSFT,405.756378
2024-03-01,MSFT,413.464569
2024-04-01,MSFT,382.615936
2024-05-01,MSFT,407.971008
2024-06-01,MSFT,440.034546
2024-07-01,MSFT,411.877045
2024-08-01,MSFT,410.685791
2024-09-01,MSFT,424.405701
2024-10-01,MSFT,400.783813
2024-11-01,MSFT,417.659424
2024-12-01,MSFT,416.558380
2025-01-01,MSFT,410.193909
2025-02-01,MSFT,392.335754
2025-03-01,MSFT,371.732880
2025-04-01,MSFT,391.409271
2025-05-01,MSFT,455.875031
2025-06-01,MSFT,493.468384
2025-07-01,MSFT,529.272400
2025-08-01,MSFT,502.674835
2025-09-01,MSFT,514.690369
2025-10-01,MSFT,514.551208
2025-11-01,MSFT,488.913605
2025-12-01,MSFT,481.475861
2026-01-01,MSFT,428.382294
2026-02-01,MSFT,390.998749
2026-03-01,MSFT,369.369995
2026-04-01,MSFT,406.898712
2026-05-01,MSFT,449.266937
2026-06-01,MSFT,390.739990
2026-06-12,MSFT,390.739990
2016-07-01,NVDA,1.399813
2016-08-01,NVDA,1.503758
2016-09-01,NVDA,1.682872
2016-10-01,NVDA,1.747711
2016-11-01,NVDA,2.264459
2016-12-01,NVDA,2.625491
2017-01-01,NVDA,2.685508
2017-02-01,NVDA,2.496110
2017-03-01,NVDA,2.682740
2017-04-01,NVDA,2.568712
2017-05-01,NVDA,3.555068
2017-06-01,NVDA,3.563990
2017-07-01,NVDA,4.006530
2017-08-01,NVDA,4.177383
2017-09-01,NVDA,4.411285
2017-10-01,NVDA,5.103193
2017-11-01,NVDA,4.952669
2017-12-01,NVDA,4.778075
2018-01-01,NVDA,6.069515
2018-02-01,NVDA,5.975683
2018-03-01,NVDA,5.722182
2018-04-01,NVDA,5.556885
2018-05-01,NVDA,6.231171
2018-06-01,NVDA,5.857002
2018-07-01,NVDA,6.053802
2018-08-01,NVDA,6.939399
2018-09-01,NVDA,6.951605
2018-10-01,NVDA,5.215312
2018-11-01,NVDA,4.042775
2018-12-01,NVDA,3.305700
2019-01-01,NVDA,3.559509
2019-02-01,NVDA,3.819755
2019-03-01,NVDA,4.450810
2019-04-01,NVDA,4.486506
2019-05-01,NVDA,3.357691
2019-06-01,NVDA,4.075468
2019-07-01,NVDA,4.186891
2019-08-01,NVDA,4.156862
2019-09-01,NVDA,4.323929
2019-10-01,NVDA,4.993372
2019-11-01,NVDA,5.383860
2019-12-01,NVDA,5.849206
2020-01-01,NVDA,5.877296
2020-02-01,NVDA,6.713535
2020-03-01,NVDA,6.556622
2020-04-01,NVDA,7.269989
2020-05-01,NVDA,8.830541
2020-06-01,NVDA,9.449643
2020-07-01,NVDA,10.565805
2020-08-01,NVDA,13.312830
2020-09-01,NVDA,13.468110
2020-10-01,NVDA,12.479938
2020-11-01,NVDA,13.343696
2020-12-01,NVDA,12.998690
2021-01-01,NVDA,12.937541
2021-02-01,NVDA,13.659382
2021-03-01,NVDA,13.294601
2021-04-01,NVDA,14.954336
2021-05-01,NVDA,16.184799
2021-06-01,NVDA,19.928986
2021-07-01,NVDA,19.431786
2021-08-01,NVDA,22.307838
2021-09-01,NVDA,20.648230
2021-10-01,NVDA,25.483362
2021-11-01,NVDA,32.569103
2021-12-01,NVDA,29.314787
2022-01-01,NVDA,24.408890
2022-02-01,NVDA,24.308205
2022-03-01,NVDA,27.200073
2022-04-01,NVDA,18.491741
2022-05-01,NVDA,18.616373
2022-06-01,NVDA,15.113836
2022-07-01,NVDA,18.112713
2022-08-01,NVDA,15.052212
2022-09-01,NVDA,12.105391
2022-10-01,NVDA,13.463631
2022-11-01,NVDA,16.881161
2022-12-01,NVDA,14.581600
2023-01-01,NVDA,19.493689
2023-02-01,NVDA,23.164528
2023-03-01,NVDA,27.715416
2023-04-01,NVDA,27.692183
2023-05-01,NVDA,37.756531
2023-06-01,NVDA,42.215382
2023-07-01,NVDA,46.638142
2023-08-01,NVDA,49.259037
2023-09-01,NVDA,43.414425
2023-10-01,NVDA,40.704063
2023-11-01,NVDA,46.682915
2023-12-01,NVDA,49.429790
2024-01-01,NVDA,61.417828
2024-02-01,NVDA,78.971626
2024-03-01,NVDA,90.195671
2024-04-01,NVDA,86.252754
2024-05-01,NVDA,109.443619
2024-06-01,NVDA,123.326584
2024-07-01,NVDA,116.827431
2024-08-01,NVDA,119.173584
2024-09-01,NVDA,121.240173
2024-10-01,NVDA,132.552887
2024-11-01,NVDA,138.034332
2024-12-01,NVDA,134.080505
2025-01-01,NVDA,119.890938
2025-02-01,NVDA,124.733704
2025-03-01,NVDA,108.218369
2025-04-01,NVDA,108.767563
2025-05-01,NVDA,134.940887
2025-06-01,NVDA,157.768921
2025-07-01,NVDA,177.633408
2025-08-01,NVDA,173.948318
2025-09-01,NVDA,186.331818
2025-10-01,NVDA,202.232071
2025-11-01,NVDA,176.774536
2025-12-01,NVDA,186.262451
2026-01-01,NVDA,190.897171
2026-02-01,NVDA,176.974152
2026-03-01,NVDA,174.187531
2026-04-01,NVDA,199.337677
2026-05-01,NVDA,210.894211
2026-06-01,NVDA,204.951126
2026-06-12,NVDA,205.190002
2018-08-01,PDD,19.350000
2018-09-01,PDD,26.290001
2018-10-01,PDD,17.650000
2018-11-01,PDD,22.959999
2018-12-01,PDD,22.440001
2019-01-01,PDD,29.209999
2019-02-01,PDD,29.940001
2019-03-01,PDD,24.799999
2019-04-01,PDD,22.230000
2019-05-01,PDD,19.420000
2019-06-01,PDD,20.629999
2019-07-01,PDD,22.270000
2019-08-01,PDD,32.770000
2019-09-01,PDD,32.220001
2019-10-01,PDD,40.880001
2019-11-01,PDD,35.950001
2019-12-01,PDD,37.820000
2020-01-01,PDD,35.220001
2020-02-01,PDD,35.779999
2020-03-01,PDD,36.029999
2020-04-01,PDD,47.439999
2020-05-01,PDD,66.870003
2020-06-01,PDD,85.839996
2020-07-01,PDD,91.800003
2020-08-01,PDD,88.940002
2020-09-01,PDD,74.150002
2020-10-01,PDD,89.980003
2020-11-01,PDD,138.809998
2020-12-01,PDD,177.669998
2021-01-01,PDD,165.710007
2021-02-01,PDD,171.160004
2021-03-01,PDD,133.880005
2021-04-01,PDD,133.929993
2021-05-01,PDD,124.879997
2021-06-01,PDD,127.019997
2021-07-01,PDD,91.610001
2021-08-01,PDD,100.019997
2021-09-01,PDD,90.669998
2021-10-01,PDD,88.919998
2021-11-01,PDD,66.500000
2021-12-01,PDD,58.299999
2022-01-01,PDD,59.840000
2022-02-01,PDD,51.860001
2022-03-01,PDD,40.110001
2022-04-01,PDD,43.090000
2022-05-01,PDD,50.349998
2022-06-01,PDD,61.799999
2022-07-01,PDD,49.009998
2022-08-01,PDD,71.300003
2022-09-01,PDD,62.580002
2022-10-01,PDD,54.830002
2022-11-01,PDD,82.040001
2022-12-01,PDD,81.550003
2023-01-01,PDD,97.980003
2023-02-01,PDD,87.730003
2023-03-01,PDD,75.900002
2023-04-01,PDD,68.150002
2023-05-01,PDD,65.320000
2023-06-01,PDD,69.139999
2023-07-01,PDD,89.820000
2023-08-01,PDD,98.970001
2023-09-01,PDD,98.070000
2023-10-01,PDD,101.419998
2023-11-01,PDD,147.440002
2023-12-01,PDD,146.309998
2024-01-01,PDD,126.870003
2024-02-01,PDD,124.540001
2024-03-01,PDD,116.250000
2024-04-01,PDD,125.180000
2024-05-01,PDD,149.779999
2024-06-01,PDD,132.949997
2024-07-01,PDD,128.889999
2024-08-01,PDD,96.110001
2024-09-01,PDD,134.809998
2024-10-01,PDD,120.589996
2024-11-01,PDD,96.559998
2024-12-01,PDD,96.989998
2025-01-01,PDD,111.910004
2025-02-01,PDD,113.690002
2025-03-01,PDD,118.349998
2025-04-01,PDD,105.570000
2025-05-01,PDD,96.510002
2025-06-01,PDD,104.660004
2025-07-01,PDD,113.449997
2025-08-01,PDD,120.220001
2025-09-01,PDD,132.169998
2025-10-01,PDD,134.869995
2025-11-01,PDD,116.080002
2025-12-01,PDD,113.389999
2026-01-01,PDD,101.050003
2026-02-01,PDD,103.730003
2026-03-01,PDD,102.180000
2026-04-01,PDD,99.879997
2026-05-01,PDD,84.440002
2026-06-01,PDD,81.559998
2026-06-12,PDD,81.559998
2016-07-01,QAI,25.123219
2016-08-01,QAI,25.054836
2016-09-01,QAI,25.046289
2016-10-01,QAI,24.704355
2016-11-01,QAI,24.370977
2016-12-01,QAI,24.507750
2017-01-01,QAI,24.559038
2017-02-01,QAI,24.866770
2017-03-01,QAI,24.866770
2017-04-01,QAI,24.926609
2017-05-01,QAI,25.037739
2017-06-01,QAI,25.140318
2017-07-01,QAI,25.371119
2017-08-01,QAI,25.499342
2017-09-01,QAI,25.542082
2017-10-01,QAI,25.755789
2017-11-01,QAI,25.909655
2017-12-01,QAI,26.020786
2018-01-01,QAI,26.542227
2018-02-01,QAI,26.183199
2018-03-01,QAI,26.054974
2018-04-01,QAI,25.986589
2018-05-01,QAI,26.157555
2018-06-01,QAI,25.978043
2018-07-01,QAI,26.208843
2018-08-01,QAI,26.277229
2018-09-01,QAI,26.260134
2018-10-01,QAI,25.533535
2018-11-01,QAI,25.601923
2018-12-01,QAI,24.687262
2019-01-01,QAI,25.853901
2019-02-01,QAI,26.080387
2019-03-01,QAI,26.193623
2019-04-01,QAI,26.367844
2019-05-01,QAI,26.028118
2019-06-01,QAI,26.498508
2019-07-01,QAI,26.463661
2019-08-01,QAI,26.385265
2019-09-01,QAI,26.498508
2019-10-01,QAI,26.751122
2019-11-01,QAI,26.881784
2019-12-01,QAI,26.829519
2020-01-01,QAI,27.181074
2020-02-01,QAI,26.781610
2020-03-01,QAI,25.272537
2020-04-01,QAI,26.053705
2020-05-01,QAI,26.568567
2020-06-01,QAI,26.914762
2020-07-01,QAI,27.394117
2020-08-01,QAI,27.740318
2020-09-01,QAI,27.509518
2020-10-01,QAI,27.385239
2020-11-01,QAI,28.299561
2020-12-01,QAI,28.343946
2021-01-01,QAI,28.944063
2021-02-01,QAI,28.998383
2021-03-01,QAI,28.790154
2021-04-01,QAI,28.962170
2021-05-01,QAI,29.134188
2021-06-01,QAI,29.206614
2021-07-01,QAI,29.107029
2021-08-01,QAI,29.143238
2021-09-01,QAI,28.753939
2021-10-01,QAI,29.061758
2021-11-01,QAI,28.627192
2021-12-01,QAI,28.781103
2022-01-01,QAI,28.261753
2022-02-01,QAI,28.071102
2022-03-01,QAI,27.998474
2022-04-01,QAI,27.063374
2022-05-01,QAI,26.954430
2022-06-01,QAI,26.046570
2022-07-01,QAI,26.536814
2022-08-01,QAI,26.228144
2022-09-01,QAI,25.184099
2022-10-01,QAI,25.556322
2022-11-01,QAI,26.573130
2022-12-01,QAI,25.837761
2023-01-01,QAI,27.124765
2023-02-01,QAI,26.893246
2023-03-01,QAI,27.050676
2023-04-01,QAI,27.189590
2023-05-01,QAI,27.013636
2023-06-01,QAI,27.624846
2023-07-01,QAI,28.161968
2023-08-01,QAI,27.995275
2023-09-01,QAI,27.810061
2023-10-01,QAI,27.467413
2023-11-01,QAI,28.365705
2023-12-01,QAI,27.874886
2024-01-01,QAI,28.895033
2024-02-01,QAI,29.348026
2024-03-01,QAI,29.772100
2024-04-01,QAI,29.415491
2024-05-01,QAI,29.810654
2024-06-01,QAI,29.907036
2024-07-01,QAI,30.244368
2024-08-01,QAI,30.475683
2024-09-01,QAI,30.919037
2024-10-01,QAI,30.735912
2024-11-01,QAI,31.439491
2024-12-01,QAI,30.273281
2025-01-01,QAI,31.448359
2025-02-01,QAI,31.261166
2025-03-01,QAI,30.847370
2025-04-01,QAI,30.768553
2025-05-01,QAI,31.359688
2025-06-01,QAI,31.842447
2025-07-01,QAI,32.059196
2025-08-01,QAI,32.541954
2025-09-01,QAI,33.133091
2025-10-01,QAI,33.359695
2025-11-01,QAI,33.330139
2025-12-01,QAI,33.014862
2026-01-01,QAI,34.290001
2026-02-01,QAI,34.900002
2026-03-01,QAI,34.119999
2026-04-01,QAI,35.689999
2026-05-01,QAI,36.410000
2026-06-01,QAI,36.360001
2026-06-12,QAI,36.360001
2016-07-01,QQQ,107.643539
2016-08-01,QQQ,108.773811
2016-09-01,QQQ,110.903725
2016-10-01,QQQ,109.561417
2016-11-01,QQQ,110.039047
2016-12-01,QQQ,110.956841
2017-01-01,QQQ,117.005104
2017-02-01,QQQ,122.124146
2017-03-01,QQQ,124.340828
2017-04-01,QQQ,127.997269
2017-05-01,QQQ,132.985718
2017-06-01,QQQ,129.550262
2017-07-01,QQQ,135.179062
2017-08-01,QQQ,137.982040
2017-09-01,QQQ,137.274231
2017-10-01,QQQ,143.911880
2017-11-01,QQQ,146.749496
2017-12-01,QQQ,147.326462
2018-01-01,QQQ,160.563019
2018-02-01,QQQ,158.487259
2018-03-01,QQQ,151.776596
2018-04-01,QQQ,152.791794
2018-05-01,QQQ,161.459579
2018-06-01,QQQ,162.959534
2018-07-01,QQQ,167.875137
2018-08-01,QQQ,177.579422
2018-09-01,QQQ,176.761185
2018-10-01,QQQ,161.858032
2018-11-01,QQQ,161.429153
2018-12-01,QQQ,147.027542
2019-01-01,QQQ,160.734482
2019-02-01,QQQ,165.542328
2019-03-01,QQQ,171.726608
2019-04-01,QQQ,181.500061
2019-05-01,QQQ,166.571396
2019-06-01,QQQ,178.818848
2019-07-01,QQQ,183.398468
2019-08-01,QQQ,179.914780
2019-09-01,QQQ,181.200775
2019-10-01,QQQ,189.518890
2019-11-01,QQQ,197.231216
2019-12-01,QQQ,204.453064
2020-01-01,QQQ,211.121933
2020-02-01,QQQ,198.333405
2020-03-01,QQQ,183.492157
2020-04-01,QQQ,211.417374
2020-05-01,QQQ,225.372803
2020-06-01,QQQ,239.125381
2020-07-01,QQQ,257.139191
2020-08-01,QQQ,285.282501
2020-09-01,QQQ,268.796936
2020-10-01,QQQ,260.612335
2020-11-01,QQQ,289.868073
2020-12-01,QQQ,303.528534
2021-01-01,QQQ,304.873413
2021-02-01,QQQ,304.466339
2021-03-01,QQQ,309.302673
2021-04-01,QQQ,327.995667
2021-05-01,QQQ,324.055695
2021-06-01,QQQ,343.949615
2021-07-01,QQQ,354.200134
2021-08-01,QQQ,369.142639
2021-09-01,QQQ,347.778107
2021-10-01,QQQ,375.543304
2021-11-01,QQQ,383.042297
2021-12-01,QQQ,386.962036
2022-01-01,QQQ,353.565399
2022-02-01,QQQ,337.739960
2022-03-01,QQQ,353.068726
2022-04-01,QQQ,305.443604
2022-05-01,QQQ,300.597412
2022-06-01,QQQ,273.295135
2022-07-01,QQQ,308.189789
2022-08-01,QQQ,292.372864
2022-09-01,QQQ,261.100647
2022-10-01,QQQ,272.032257
2022-11-01,QQQ,287.114136
2022-12-01,QQQ,260.610626
2023-01-01,QQQ,289.037628
2023-02-01,QQQ,287.997681
2023-03-01,QQQ,314.849060
2023-04-01,QQQ,316.938110
2023-05-01,QQQ,341.924957
2023-06-01,QQQ,362.981445
2023-07-01,QQQ,377.510040
2023-08-01,QQQ,371.911560
2023-09-01,QQQ,352.508667
2023-10-01,QQQ,345.727386
2023-11-01,QQQ,383.130951
2023-12-01,QQQ,403.517761
2024-01-01,QQQ,411.895752
2024-02-01,QQQ,433.657654
2024-03-01,QQQ,438.606720
2024-04-01,QQQ,419.977600
2024-05-01,QQQ,445.813873
2024-06-01,QQQ,473.905334
2024-07-01,QQQ,466.693329
2024-08-01,QQQ,471.845001
2024-09-01,QQQ,483.535370
2024-10-01,QQQ,480.028198
2024-11-01,QQQ,505.713654
2024-12-01,QQQ,507.191895
2025-01-01,QQQ,519.000061
2025-02-01,QQQ,504.969055
2025-03-01,QQQ,465.966278
2025-04-01,QQQ,473.179565
2025-05-01,QQQ,516.609314
2025-06-01,QQQ,548.982666
2025-07-01,QQQ,562.919800
2025-08-01,QQQ,568.289856
2025-09-01,QQQ,598.148987
2025-10-01,QQQ,627.469360
2025-11-01,QQQ,617.674377
2025-12-01,QQQ,612.746887
2026-01-01,QQQ,621.086853
2026-02-01,QQQ,606.525208
2026-03-01,QQQ,576.453125
2026-04-01,QQQ,667.739990
2026-05-01,QQQ,738.309998
2026-06-01,QQQ,721.340027
2026-06-12,QQQ,721.340027
2016-07-01,SPY,185.422134
2016-08-01,SPY,185.644211
2016-09-01,SPY,184.721878
2016-10-01,SPY,182.436264
2016-11-01,SPY,189.156937
2016-12-01,SPY,191.860611
2017-01-01,SPY,196.444962
2017-02-01,SPY,204.163605
2017-03-01,SPY,203.533325
2017-04-01,SPY,206.447937
2017-05-01,SPY,209.361511
2017-06-01,SPY,209.673645
2017-07-01,SPY,215.026810
2017-08-01,SPY,215.654221
2017-09-01,SPY,218.913147
2017-10-01,SPY,225.183624
2017-11-01,SPY,232.066528
2017-12-01,SPY,233.686569
2018-01-01,SPY,248.118820
2018-02-01,SPY,239.097061
2018-03-01,SPY,231.615631
2018-04-01,SPY,233.745087
2018-05-01,SPY,239.427261
2018-06-01,SPY,239.727631
2018-07-01,SPY,249.725037
2018-08-01,SPY,257.696350
2018-09-01,SPY,258.060211
2018-10-01,SPY,241.314590
2018-11-01,SPY,245.790817
2018-12-01,SPY,222.848007
2019-01-01,SPY,242.096054
2019-02-01,SPY,249.943771
2019-03-01,SPY,253.351913
2019-04-01,SPY,264.863586
2019-05-01,SPY,247.972885
2019-06-01,SPY,263.944702
2019-07-01,SPY,269.238434
2019-08-01,SPY,264.730560
2019-09-01,SPY,268.641052
2019-10-01,SPY,275.847260
2019-11-01,SPY,285.832397
2019-12-01,SPY,292.698364
2020-01-01,SPY,294.018677
2020-02-01,SPY,270.742493
2020-03-01,SPY,235.549393
2020-04-01,SPY,267.021301
2020-05-01,SPY,279.743561
2020-06-01,SPY,283.457306
2020-07-01,SPY,301.471558
2020-08-01,SPY,322.513275
2020-09-01,SPY,309.199554
2020-10-01,SPY,302.696899
2020-11-01,SPY,335.623352
2020-12-01,SPY,346.580292
2021-01-01,SPY,344.510712
2021-02-01,SPY,354.089966
2021-03-01,SPY,368.957092
2021-04-01,SPY,389.751099
2021-05-01,SPY,392.310211
2021-06-01,SPY,399.800781
2021-07-01,SPY,410.900757
2021-08-01,SPY,423.129150
2021-09-01,SPY,402.120697
2021-10-01,SPY,431.713623
2021-11-01,SPY,428.244873
2021-12-01,SPY,446.481628
2022-01-01,SPY,424.419495
2022-02-01,SPY,411.891937
2022-03-01,SPY,426.051483
2022-04-01,SPY,389.864807
2022-05-01,SPY,390.744812
2022-06-01,SPY,356.981750
2022-07-01,SPY,391.539368
2022-08-01,SPY,375.563812
2022-09-01,SPY,339.450073
2022-10-01,SPY,368.546814
2022-11-01,SPY,389.034851
2022-12-01,SPY,364.939636
2023-01-01,SPY,389.670929
2023-02-01,SPY,379.873566
2023-03-01,SPY,392.460571
2023-04-01,SPY,400.251892
2023-05-01,SPY,402.099579
2023-06-01,SPY,426.570953
2023-07-01,SPY,442.170410
2023-08-01,SPY,434.984283
2023-09-01,SPY,412.894623
2023-10-01,SPY,405.356049
2023-11-01,SPY,442.382843
2023-12-01,SPY,460.712036
2024-01-01,SPY,469.947235
2024-02-01,SPY,494.472260
2024-03-01,SPY,509.060822
2024-04-01,SPY,490.053619
2024-05-01,SPY,514.840332
2024-06-01,SPY,531.289978
2024-07-01,SPY,539.458191
2024-08-01,SPY,552.062927
2024-09-01,SPY,561.935181
2024-10-01,SPY,558.629028
2024-11-01,SPY,591.941956
2024-12-01,SPY,575.761902
2025-01-01,SPY,593.214722
2025-02-01,SPY,585.683899
2025-03-01,SPY,551.391418
2025-04-01,SPY,548.255066
2025-05-01,SPY,582.710144
2025-06-01,SPY,610.847473
2025-07-01,SPY,626.763733
2025-08-01,SPY,639.624573
2025-09-01,SPY,660.576843
2025-10-01,SPY,678.198364
2025-11-01,SPY,679.520813
2025-12-01,SPY,678.059082
2026-01-01,SPY,690.085327
2026-02-01,SPY,684.121643
2026-03-01,SPY,648.568787
2026-04-01,SPY,718.659973
2026-05-01,SPY,756.479980
2026-06-01,SPY,741.750000
2026-06-12,SPY,741.750000
2016-07-01,TLT,107.107742
2016-08-01,TLT,106.023720
2016-09-01,TLT,104.425110
2016-10-01,TLT,99.852600
2016-11-01,TLT,91.641037
2016-12-01,TLT,90.968346
2017-01-01,TLT,92.135315
2017-02-01,TLT,93.393463
2017-03-01,TLT,92.803444
2017-04-01,TLT,94.245422
2017-05-01,TLT,96.027382
2017-06-01,TLT,96.784836
2017-07-01,TLT,96.152756
2017-08-01,TLT,99.419678
2017-09-01,TLT,97.121361
2017-10-01,TLT,97.087296
2017-11-01,TLT,97.799698
2017-12-01,TLT,99.369713
2018-01-01,TLT,96.534752
2018-02-01,TLT,93.404266
2018-03-01,TLT,96.081573
2018-04-01,TLT,94.063889
2018-05-01,TLT,95.942902
2018-06-01,TLT,96.551018
2018-07-01,TLT,95.169281
2018-08-01,TLT,96.420753
2018-09-01,TLT,93.657372
2018-10-01,TLT,90.914711
2018-11-01,TLT,92.521439
2018-12-01,TLT,97.715782
2019-01-01,TLT,98.546524
2019-02-01,TLT,96.971031
2019-03-01,TLT,102.388939
2019-04-01,TLT,100.341171
2019-05-01,TLT,107.214890
2019-06-01,TLT,108.238625
2019-07-01,TLT,108.526115
2019-08-01,TLT,120.513756
2019-09-01,TLT,117.310127
2019-10-01,TLT,116.006348
2019-11-01,TLT,115.534698
2019-12-01,TLT,111.664642
2020-01-01,TLT,120.652443
2020-02-01,TLT,128.434052
2020-03-01,TLT,136.649048
2020-04-01,TLT,138.319138
2020-05-01,TLT,135.902176
2020-06-01,TLT,136.361313
2020-07-01,TLT,142.425079
2020-08-01,TLT,135.245697
2020-09-01,TLT,136.289413
2020-10-01,TLT,131.687973
2020-11-01,TLT,133.874176
2020-12-01,TLT,132.099945
2021-01-01,TLT,127.563858
2021-02-01,TLT,120.111343
2021-03-01,TLT,113.806229
2021-04-01,TLT,116.626579
2021-05-01,TLT,116.617668
2021-06-01,TLT,121.774429
2021-07-01,TLT,126.317360
2021-08-01,TLT,125.898514
2021-09-01,TLT,122.232124
2021-10-01,TLT,125.245392
2021-11-01,TLT,128.715958
2021-12-01,TLT,125.989410
2022-01-01,TLT,121.341934
2022-02-01,TLT,119.194435
2022-03-01,TLT,112.712708
2022-04-01,TLT,102.069687
2022-05-01,TLT,99.752754
2022-06-01,TLT,98.473763
2022-07-01,TLT,100.847488
2022-08-01,TLT,96.271446
2022-09-01,TLT,88.317238
2022-10-01,TLT,83.026970
2022-11-01,TLT,88.957687
2022-12-01,TLT,86.424881
2023-01-01,TLT,93.477951
2023-02-01,TLT,88.715508
2023-03-01,TLT,93.018852
2023-04-01,TLT,93.326920
2023-05-01,TLT,90.513901
2023-06-01,TLT,90.698273
2023-07-01,TLT,88.386253
2023-08-01,TLT,85.604973
2023-09-01,TLT,78.779297
2023-10-01,TLT,74.462975
2023-11-01,TLT,81.830849
2023-12-01,TLT,88.676498
2024-01-01,TLT,87.240227
2024-02-01,TLT,85.001930
2024-03-01,TLT,85.673805
2024-04-01,TLT,80.129898
2024-05-01,TLT,82.427193
2024-06-01,TLT,83.932243
2024-07-01,TLT,86.999413
2024-08-01,TLT,88.822655
2024-09-01,TLT,90.605736
2024-10-01,TLT,85.665253
2024-11-01,TLT,87.355087
2024-12-01,TLT,81.456535
2025-01-01,TLT,82.461029
2025-02-01,TLT,86.849052
2025-03-01,TLT,85.838753
2025-04-01,TLT,84.633263
2025-05-01,TLT,81.909035
2025-06-01,TLT,84.087517
2025-07-01,TLT,83.128555
2025-08-01,TLT,83.131485
2025-09-01,TLT,86.118492
2025-10-01,TLT,87.335800
2025-11-01,TLT,87.562149
2025-12-01,TLT,84.907310
2026-01-01,TLT,85.512680
2026-02-01,TLT,89.134193
2026-03-01,TLT,85.406281
2026-04-01,TLT,84.632622
2026-05-01,TLT,85.109726
2026-06-01,TLT,85.433952
2026-06-12,TLT,85.769997
2016-07-01,VNQ,62.736843
2016-08-01,VNQ,60.375294
2016-09-01,VNQ,58.862007
2016-10-01,VNQ,55.866096
2016-11-01,VNQ,54.929974
2016-12-01,VNQ,56.392223
2017-01-01,VNQ,57.464390
2017-02-01,VNQ,59.480560
2017-03-01,VNQ,57.617870
2017-04-01,VNQ,58.179497
2017-05-01,VNQ,57.757858
2017-06-01,VNQ,58.488689
2017-07-01,VNQ,59.778126
2017-08-01,VNQ,59.622025
2017-09-01,VNQ,58.948044
2017-10-01,VNQ,58.916119
2017-11-01,VNQ,60.485779
2017-12-01,VNQ,59.475182
2018-01-01,VNQ,57.827343
2018-02-01,VNQ,53.387455
2018-03-01,VNQ,54.930504
2018-04-01,VNQ,55.920288
2018-05-01,VNQ,57.978081
2018-06-01,VNQ,59.859482
2018-07-01,VNQ,60.777878
2018-08-01,VNQ,62.342934
2018-09-01,VNQ,59.843281
2018-10-01,VNQ,58.906876
2018-11-01,VNQ,61.659645
2018-12-01,VNQ,56.086372
2019-01-01,VNQ,63.484837
2019-02-01,VNQ,63.926270
2019-03-01,VNQ,66.148743
2019-04-01,VNQ,66.514412
2019-05-01,VNQ,66.606384
2019-06-01,VNQ,66.997337
2019-07-01,VNQ,68.794777
2019-08-01,VNQ,71.372002
2019-09-01,VNQ,72.169159
2019-10-01,VNQ,73.566544
2019-11-01,VNQ,72.606964
2019-12-01,VNQ,72.388535
2020-01-01,VNQ,74.064217
2020-02-01,VNQ,68.860085
2020-03-01,VNQ,55.077030
2020-04-01,VNQ,60.481411
2020-05-01,VNQ,61.530361
2020-06-01,VNQ,62.404484
2020-07-01,VNQ,65.317642
2020-08-01,VNQ,65.606567
2020-09-01,VNQ,63.367516
2020-10-01,VNQ,61.941872
2020-11-01,VNQ,67.934685
2020-12-01,VNQ,68.686806
2021-01-01,VNQ,69.816704
2021-02-01,VNQ,72.208015
2021-03-01,VNQ,75.486839
2021-04-01,VNQ,81.895996
2021-05-01,VNQ,82.557259
2021-06-01,VNQ,84.135994
2021-07-01,VNQ,88.480743
2021-08-01,VNQ,90.387039
2021-09-01,VNQ,84.726402
2021-10-01,VNQ,91.332764
2021-11-01,VNQ,89.406265
2021-12-01,VNQ,97.170868
2022-01-01,VNQ,89.823372
2022-02-01,VNQ,86.695129
2022-03-01,VNQ,91.624229
2022-04-01,VNQ,88.359657
2022-05-01,VNQ,84.219666
2022-06-01,VNQ,77.452858
2022-07-01,VNQ,84.662064
2022-08-01,VNQ,79.571716
2022-09-01,VNQ,68.586868
2022-10-01,VNQ,71.759857
2022-11-01,VNQ,76.170250
2022-12-01,VNQ,71.327461
2023-01-01,VNQ,79.860298
2023-02-01,VNQ,75.177078
2023-03-01,VNQ,72.826698
2023-04-01,VNQ,73.786987
2023-05-01,VNQ,70.863876
2023-06-01,VNQ,74.017288
2023-07-01,VNQ,76.375946
2023-08-01,VNQ,73.796043
2023-09-01,VNQ,67.776268
2023-10-01,VNQ,65.957321
2023-11-01,VNQ,73.926102
2023-12-01,VNQ,79.923050
2024-01-01,VNQ,76.815636
2024-02-01,VNQ,78.335640
2024-03-01,VNQ,79.187210
2024-04-01,VNQ,73.519585
2024-05-01,VNQ,76.871864
2024-06-01,VNQ,77.352081
2024-07-01,VNQ,84.531265
2024-08-01,VNQ,88.944359
2024-09-01,VNQ,91.085457
2024-10-01,VNQ,88.769432
2024-11-01,VNQ,92.550255
2024-12-01,VNQ,83.989174
2025-01-01,VNQ,86.201180
2025-02-01,VNQ,89.390282
2025-03-01,VNQ,86.191650
2025-04-01,VNQ,84.951584
2025-05-01,VNQ,85.903725
2025-06-01,VNQ,85.653664
2025-07-01,VNQ,86.572853
2025-08-01,VNQ,89.583572
2025-09-01,VNQ,88.787186
2025-10-01,VNQ,87.438942
2025-11-01,VNQ,89.556770
2025-12-01,VNQ,86.762413
2026-01-01,VNQ,89.839622
2026-02-01,VNQ,94.677902
2026-03-01,VNQ,87.761826
2026-04-01,VNQ,96.330002
2026-05-01,VNQ,95.699997
2026-06-01,VNQ,98.510002
2026-06-12,VNQ,98.510002